cve,descrip
"A505","OTRAS FORMAS DE SIFILIS CONGENITA TARDIA, SINTOMATICA"
"D77X","OTROS TRASTORNOS DE LA SANGRE Y DE LOS ORGANOS HEMATOPOYETICOS EN ENFERMEDADES CLASIFICADAS EN OTRA PARTE"
"E351","TRASTORNOS DE LAS GLANDULAS SUPRARRENALES EN ENFERMEDADES CLASIFICADAS EN OTRA PARTE"
"F000","DEMENCIA EN LA ENFERMEDAD DE ALZHEIMER, DE COMIENZO TEMPRANO"
"F001","DEMENCIA EN LA ENFERMEDAD DE ALZHEIMER, DE COMIENZO TARDIO"
"F002","DEMENCIA EN LA ENFERMEDAD DE ALZHEIMER, ATIPICA O DE TIPO MIXTO"
"F009","DEMENCIA EN LA ENFERMEDAD DE ALZHEIMER, NO ESPECIFICADA"
"F020","DEMENCIA EN LA ENFERMEDAD DE PICK"
"F021","DEMENCIA EN LA ENFERMEDAD DE CREUTZFELDT-JAKOB"
"F022","DEMENCIA EN LA ENFERMEDAD DE HUNTINGTON"
"F023","DEMENCIA EN LA ENFERMEDAD DE PARKINSON"
"F028","DEMENCIA EN OTRAS ENFERMEDADES ESPECIFICADAS CLASIFICADAS EN OTRA PARTE"
"F042","SINDROME AMNESICO ORGANICO, NO INDUCIDO POR ALCOHOL O POR OTRAS SUSTANCIAS PSICOACTIVAS"
"G01X","MENINGITIS EN ENFERMEDADES BACTERIANAS CLASIFICADAS EN OTRA PARTE"
"G020","MENINGITIS EN ENFERMEDADES VIRALES CLASIFICADAS EN OTRA PARTE"
"G021","MENINGITIS EN MICOSIS"
"G050","ENCEFALITIS, MIELITIS Y ENCEFALOMIELITIS EN ENFERMEDADES BACTERIANAS CLASIFICADAS EN OTRA PARTE"
"G051","ENCEFALITIS, MIELITIS Y ENCEFALOMIELITIS EN ENFERMEDADES VIRALES CLASIFICADAS EN OTRA PARTE"
"G052","ENCEFALITIS, MIELITIS Y ENCEFALOMIELITIS EN OTRAS ENFERMEDADES INFECCIOSAS Y PARASITARIAS CLASIFICADAS EN OTRA PARTE"
"G07X","ABSCESO Y GRANULOMA INTRACRANEAL E INTRARRAQUIDEO EN ENFERMEDADES CLASIFICADAS EN OTRA PARTE"
"G530","NEURALGIA POSTHERPES ZOSTER"
"G551","COMPRESIONES DE LAS RAICES Y PLEXOS NERVIOSOS EN TRASTORNOS DE LOS DISCOS INTERVERTEBRALES"
"G590","MONONEUROPATIA DIABETICA"
"G630","POLINEUROPATIA EN ENFERMEDADES INFECCIOSAS Y PARASITARIAS CLASIFICADAS EN OTRA PARTE"
"G632","POLINEUROPATIA DIABETICA"
"G635","POLINEUROPATIA EN TRASTORNOS DEL TEJIDO CONECTIVO SISTEMICO"
"G636","POLINEUROPATIA EN OTROS TRASTORNOS OSTEOMUSCULARES"
"G638","POLINEUROPATIA EN OTRAS ENFERMEDADES CLASIFICADAS EN OTRA PARTE"
"G730","SINDROMES MIASTENICOS EN ENFERMEDADES ENDOCRINAS"
"G737","MIOPATIA EN OTRAS ENFERMEDADES CLASIFICADAS EN OTRA PARTE"
"G990","NEUROPATIA AUTONOMICA EN ENFERMEDADES METABOLICAS Y ENDOCRINAS"
"G992","MIELOPATIA EN ENFERMEDADES CLASIFICADAS EN OTRA PARTE"
"G998","OTROS TRASTORNOS ESPECIFICADOS DEL SISTEMA NERVIOSO EN ENFERMEDADES CLASIFICADAS EN OTRA PARTE"
"H131","CONJUNTIVITIS EN ENFERMEDADES INFECCIOSAS Y PARASITARIAS CLASIFICADAS EN OTRA PARTE"
"H192","POLINEUROPATIAS EN ENFERMEDADES CLASIFICADAS EN OTRA PARTE"
"H193","QUERATITIS Y QUERATOCONJUNTIVITIS EN OTRAS ENFERMEDADES CLASIFICADAS EN OTRA PARTE"
"H280","CATARATA DIABETICA"
"H320","INFLAMACION CORIORRETINIANA EN ENFERMEDADES INFECCIOSAS Y PARASITARIAS CLASIFICADAS EN OTRA PARTE"
"H328","OTROS TRASTORNOS CORIORRETINIANOS EN ENFERMEDADES CLASIFICADAS EN OTRA PARTE"
"H360","RETINOPATIA DIABETICA"
"H588","OTROS TRASTORNOS ESPECIFICADOS DEL OJO EN ENFERMEDADES CLASIFICADAS EN OTRA PARTE"
"H671","OTITIS MEDIA EN ENFERMEDADES VIRALES CLASIFICADAS EN OTRA PARTE"
"H750","MASTOIDITIS EN ENFERMEDADES INFECCIOSAS Y PARASITARIAS CLASIFICADAS EN OTRA PARTE"
"I320","PERICARDITIS EN ENFERMEDADES BACTERIANAS CLASIFICADAS EN OTRA PARTE"
"I328","PERICARDITIS EN OTRAS ENFERMEDADES CLASIFICADAS EN OTRA PARTE"
"I390","TRASTORNOS DE LA VALVULA MITRAL EN ENFERMEDADES CLASIFICADAS EN OTRA PARTE"
"I391","TRASTORNOS DE LA VALVULA AORTICA EN ENFERMEDADES CLASIFICADAS EN OTRA PARTE"
"I392","TRASTORNOS DE LA VALVULA TRICUSPIDE EN ENFERMEDADES CLASIFICADAS EN OTRA PARTE"
"I393","TRASTORNOS DE LA VALVULA PULMONAR EN ENFERMEDADES CLASIFICADAS EN OTRA PARTE"
"I394","TRASTORNOS VALVULARES MULTIPLES EN ENFERMEDADES CLASIFICADAS EN OTRA PARTE"
"I398","ENDOCARDITIS, VALVULA NO ESPECIFICADA, EN ENFERMEDADES CLASIFICADAS EN OTRA PARTE"
"I410","MIOCARDITIS EN ENFERMEDADES BACTERIANAS CLASIFICADAS EN OTRA PARTE"
"I412","MIOCARDITIS EN OTRAS ENFERMEDADES INFECCIOSAS Y PARASITARIAS CLASIFICADAS EN OTRA PARTE"
"I418","MIOCARDITIS EN OTRAS ENFERMEDADES CLASIFICADAS EN OTRA PARTE"
"I432","CARDIOMIOPATIA EN ENFERMEDADES NUTRICIONALES"
"I438","CARDIOMIOPATIA EN OTRAS ENFERMEDADES CLASIFICADAS EN OTRA PARTE"
"I520","OTROS TRASTORNOS CARDIACOS EN ENFERMEDADES BACTERIANAS CLASIFICADAS EN OTRA PARTE"
"I528","OTROS TRASTORNOS CARDIACOS EN OTRAS ENFERMEDADES"
"I681","ARTERITIS CEREBRAL EN ENFERMEDADES INFECCIOSAS Y PARASITARIAS CLASIFICADAS EN OTRA PARTE"
"I688","OTROS TRASTORNOS CEREBROVASCULARES EN ENFERMEDADES CLASIFICADAS EN OTRA PARTE"
"I790","ANEURISMA DE LA AORTA EN ENFERMEDADES CLASIFICADAS EN OTRA PARTE"
"I791","AORTITIS EN ENFERMEDADES CLASIFICADAS EN OTRA PARTE"
"I792","ANGIOPATIA PERIFERICA EN ENFERMEDADES CLASIFICADAS EN OTRA PARTE"
"I980","SIFILIS CARDIOVASCULAR"
"I981","TRASTORNOS CARDIOVASCULARES EN OTRAS ENFERMEDADES INFECCIOSAS Y PARASITARIAS CLASIFICADAS EN OTRA PARTE"
"I988","OTROS TRASTORNOS ESPECIFICADOS DEL APARATO CIRCULATORIO EN ENFERMEDADES CLASIFICADAS EN OTRA PARTE"
"J171","NEUMONIA EN ENFERMEDADES VIRALES CLASIFICADAS EN OTRA PARTE"
"J173","NEUMONIA EN ENFERMEDADES PARASITARIAS"
"J990","ENFERMEDAD PULMONAR REUMATOIDE"
"J991","TRASTORNOS RESPIRATORIOS EN OTROS TRASTORNOS DIFUSOS DEL TEJIDO CONJUNTIVO"
"J998","TRASTORNOS RESPIRATORIOS EN OTRAS ENFERMEDADES CLASIFICADAS EN OTRA PARTE"
"K770","TRASTORNOS DEL HIGADO EN ENFERMEDADES INFECCIOSAS Y PARASITARIAS CLASIFICADAS EN OTRA PARTE"
"K871","TRASTORNOS DEL PANCREAS EN ENFERMEDADES CLASIFICADAS EN OTRA PARTE"
"M011","ARTRITIS TUBERCULOSA"
"M013","ARTRITIS EN OTRAS ENFERMEDADES BACTERIANAS CLASIFICADAS EN OTRA PARTE"
"M070","ARTROPATIA PSORIASICA INTERFALANGICA DISTAL"
"M071","ARTRITIS MUTILANTE"
"M072","ESPONDILITIS PSORIASICA"
"M073","OTRAS ARTROPATIAS PSORIASICAS"
"M090","ARTRITIS JUVENIL EN LA PSORIASIS"
"M142","ARTROPATIA DIABETICA"
"M145","ARTROPATIA EN OTROS TRASTORNOS ENDOCRINOS, METABOLICOS Y NUTRICIONALES"
"M146","ARTROPATIA NEUROPATICA"
"M490","TUBERCULOSIS DE LA COLUMNA VERTEBRAL"
"M680","SINOVITIS Y TENOSINOVITIS EN ENFERMEDADES BACTERIANAS CLASIFICADAS EN OTRA PARTE"
"M730","BURSITIS GONOCOCICA"
"M900","TUBERCULOSIS OSEA"
"M902","OSTEOPATIA EN OTRAS ENFERMEDADES INFECCIOSAS CLASIFICADAS EN OTRA PARTE"
"N083","TRASTORNOS GLOMERULARES EN DIABETES MELLITUS"
"N085","TRASTORNOS GLOMERULARES EN TRASTORNOS SISTEMICOS DEL TEJIDO CONJUNTIVO"
"N164","TRASTORNOS RENALES TUBULOINTERSTICIALES EN ENFERMEDADES DEL TEJIDO CONJUNTIVO"
"N298","OTROS TRASTORNOS DEL RIÑON Y DEL URETER EN OTRAS ENFERMEDADES CLASIFICADAS EN OTRA PARTE"
"N511","TRASTORNOS DEL TESTICULO Y DEL EPIDIDIMO EN ENFERMEDADES CLASIFICADAS EN OTRA PARTE"
"N771","VAGINITIS, VULVITIS Y VULVOVAGINITIS EN ENFERMEDADES INFECCIOSAS Y PARASITARIAS CLASIFICADAS EN OTRA PARTE"
"P75X","ILEO MECONIAL EN LA FIBROSIS QUISTICA"
"S000","TRAUMATISMO SUPERFICIAL DEL CUERO CABELLUDO"
"S001","CONTUSION DE LOS PARPADOS Y DE LA REGION PERIOCULAR"
"S002","OTROS TRAUMATISMOS SUPERFICIALES DEL PARPADO Y DE LA REGION PERIOCULAR"
"S003","TRAUMATISMO SUPERFICIAL DE LA NARIZ"
"S004","TRAUMATISMO SUPERFICIAL DEL OIDO"
"S005","TRAUMATISMO SUPERFICIAL DEL LABIO Y DE LA CAVIDAD BUCAL"
"S007","TRAUMATISMOS SUPERFICIALES MULTIPLES DE LA CABEZA"
"S008","TRAUMATISMO SUPERFICIAL DE OTRAS PARTES DE LA CABEZA"
"S009","TRAUMATISMO SUPERFICIAL DE LA CABEZA, PARTE NO ESPECIFICADA"
"S010","HERIDA DEL CUERO CABELLUDO"
"S011","HERIDA DEL PARPADO Y DE LA REGION PERIOCULAR"
"S012","HERIDA DE LA NARIZ"
"S013","HERIDA DEL OIDO"
"S014","HERIDA DE LA MEJILLA Y DE LA REGION TEMPOROMANDIBULAR"
"S015","HERIDA DEL LABIO Y DE LA CAVIDAD BUCAL"
"S017","HERIDAS MULTIPLES DE LA CABEZA"
"S018","HERIDA DE OTRAS PARTES DE LA CABEZA"
"S019","HERIDA DE LA CABEZA, PARTE NO ESPECIFICADA"
"S020","FRACTURA DE LA BOVEDA DEL CRANEO"
"S021","FRACTURA DE LA BASE DEL CRANEO"
"S022","FRACTURA DE LOS HUESOS DE LA NARIZ"
"S023","FRACTURA DEL SUELO DE LA ORBITA"
"S024","FRACTURA DEL MALAR Y DEL HUESO MAXILAR SUPERIOR"
"S025","FRACTURA DE LOS DIENTES"
"S026","FRACTURA DEL MAXILAR INFERIOR"
"S027","FRACTURAS MULTIPLES QUE COMPROMETEN EL CRANEO Y LOS HUESOS DE LA CARA"
"S028","FRACTURA DE OTROS HUESOS DEL CRANEO Y DE LA CARA"
"S029","FRACTURA DEL CRANEO Y DE LOS HUESOS DE LA CARA, PARTE NO ESPECIFICADA"
"S030","LUXACION DEL MAXILAR"
"S031","LUXACION DEL CARTILAGO SEPTAL DE LA NARIZ"
"S032","LUXACION DE DIENTE"
"S033","LUXACION DE OTRAS PARTES Y DE LAS NO ESPECIFICADAS DE LA CABEZA"
"S034","ESGUINCES Y TORCEDURAS DEL MAXILAR"
"S035","ESGUINCES Y TORCEDURAS DE ARTICULACIONES Y LIGAMENTOS DE OTRAS PARTES Y LAS NO ESPECIFICADAS DE LA CABEZA"
"S040","TRAUMATISMO DEL NERVIO OPTICO [II PAR] Y DE LAS VIAS OPTICAS"
"S041","TRAUMATISMO DEL NERVIO MOTOR OCULAR COMUN [III PAR]"
"S042","TRAUMATISMO DEL NERVIO PATETICO [IV PAR]"
"S043","TRAUMATISMO DEL NERVIO TRIGEMINO [V PAR]"
"S044","TRAUMATISMO DEL NERVIO MOTOR OCULAR EXTERNO [VI PAR]"
"S045","TRAUMATISMO DEL NERVIO FACIAL [VII PAR]"
"S046","TRAUMATISMO DEL NERVIO ACUSTICO [VIII PAR]"
"S047","TRAUMATISMO DEL NERVIO ESPINAL [XI PAR]"
"S048","TRAUMATISMO DE OTROS NERVIOS CRANEALES"
"S049","TRAUMATISMO DE NERVIOS CRANEALES, NO ESPECIFICADO"
"S050","TRAUMATISMO DE LA CONJUNTIVA Y ABRASION CORNEAL SIN MENCION DE CUERPO EXTRAÑO"
"S051","CONTUSION DEL GLOBO OCULAR Y DEL TEJIDO ORBITARIO"
"S052","LACERACION Y RUPTURA OCULAR CON PROLAPSO O PERDIDA DEL TEJIDO INTRAOCULAR"
"S053","LACERACION OCULAR SIN PROLAPSO O PERDIDA DEL TEJIDO INTRAOCULAR"
"S054","HERIDA PENETRANTE DE LA ORBITA CON O SIN CUERPO EXTRAÑO"
"S055","HERIDA PENETRANTE DEL GLOBO OCULAR CON CUERPO EXTRAÑO"
"S056","HERIDA PENETRANTE DEL GLOBO OCULAR SIN CUERPO EXTRAÑO"
"S057","AVULSION DE OJO"
"S058","OTROS TRAUMATISMOS DEL OJO Y DE LA ORBITA"
"S059","TRAUMATISMO DEL OJO Y DE LA ORBITA, NO ESPECIFICADO"
"S060","CONCUSION"
"S061","EDEMA CEREBRAL TRAUMATICO"
"S062","TRAUMATISMO CEREBRAL DIFUSO"
"S063","TRAUMATISMO CEREBRAL FOCAL"
"S064","HEMORRAGIA EPIDURAL"
"S065","HEMORRAGIA SUBDURAL TRAUMATICA"
"S066","HEMORRAGIA SUBARACNOIDEA TRAUMATICA"
"S067","TRAUMATISMO INTRACRANEAL CON COMA PROLONGADO"
"S068","OTROS TRAUMATISMOS INTRACRANEALES"
"S069","TRAUMATISMO INTRACRANEAL, NO ESPECIFICADO"
"S070","TRAUMATISMO POR APLASTAMIENTO DE LA CARA"
"S071","TRAUMATISMO POR APLASTAMIENTO DEL CRANEO"
"S078","TRAUMATISMO POR APLASTAMIENTO DE OTRAS PARTES DE LA CABEZA"
"S079","TRAUMATISMO POR APLASTAMIENTO DE LA CABEZA, PARTE NO ESPECIFICADA"
"S080","AVULSION DEL CUERO CABELLUDO"
"S081","AMPUTACION TRAUMATICA DE LA OREJA"
"S088","AMPUTACION TRAUMATICA DE OTRAS PARTES DE LA CABEZA"
"S089","AMPUTACION TRAUMATICA DE PARTE NO ESPECIFICADA DE LA CABEZA"
"S090","TRAUMATISMO DE LOS VASOS SANGUINEOS DE LA CABEZA NO CLASIFICADOS EN OTRA PARTE"
"S091","TRAUMATISMO DE TENDON Y MUSCULOS DE LA CABEZA"
"S092","RUPTURA TRAUMATICA DEL TIMPANO DEL OIDO"
"S097","TRAUMATISMOS MULTIPLES DE LA CABEZA"
"S098","OTROS TRAUMATISMOS DE LA CABEZA, ESPECIFICADOS"
"S099","TRAUMATISMO DE LA CABEZA, NO ESPECIFICADO"
"S100","CONTUSION DE LA GARGANTA"
"S101","OTROS TRAUMATISMOS SUPERFICIALES Y LOS NO ESPECIFICADOS DE LA GARGANTA"
"S107","TRAUMATISMO SUPERFICIAL MULTIPLE DEL CUELLO"
"S108","TRAUMATISMO SUPERFICIAL DE OTRAS PARTES DEL CUELLO"
"S109","TRAUMATISMO SUPERFICIAL DEL CUELLO, PARTE NO ESPECIFICADA"
"S110","HERIDA QUE COMPROMETE LA LARINGE Y LA TRAQUEA"
"S111","HERIDA QUE COMPROMETE LA GLANDULA TIROIDES"
"S112","HERIDA QUE COMPROMETE LA FARINGE Y EL ESOFAGO CERVICAL"
"S117","HERIDAS MULTIPLES DEL CUELLO"
"S118","HERIDAS DE OTRAS PARTES DEL CUELLO"
"S119","HERIDA DE CUELLO, PARTE NO ESPECIFICADA"
"S120","FRACTURA DE LA PRIMERA VERTEBRA CERVICAL"
"S121","FRACTURA DE LA SEGUNDA VERTEBRA CERVICAL"
"S122","FRACTURA DE OTRAS VERTEBRAS CERVICALES ESPECIFICADAS"
"S127","FRACTURAS MULTIPLES DE COLUMNA CERVICAL"
"S128","FRACTURA DE OTRAS PARTES DEL CUELLO"
"S129","FRACTURA DEL CUELLO, PARTE NO ESPECIFICADA"
"S130","RUPTURA TRAUMATICA DE DISCO CERVICAL INTERVERTEBRAL"
"S131","LUXACION DE VERTEBRA CERVICAL"
"S132","LUXACIONES DE OTRAS PARTES Y DE LAS NO ESPECIFICADAS DEL CUELLO"
"S133","LUXACIONES MULTIPLES DEL CUELLO"
"S134","ESGUINCES Y TORCEDURAS DE LA COLUMNA CERVICAL"
"S135","ESGUINCES Y TORCEDURAS DE LA REGION TIROIDEA"
"S136","ESGUINCES Y TORCEDURAS DE ARTICULACIONES Y LIGAMENTOS DE OTROS SITIOS ESPECIFICADOS Y DE LOS NO ESPECIFICADOS DEL CUELLO"
"S140","CONCUSION Y EDEMA DE LA MEDULA ESPINAL CERVICAL"
"S141","OTROS TRAUMATISMOS DE LA MEDULA ESPINAL CERVICAL Y LOS NO ESPECIFICADOS"
"S142","TRAUMATISMO DE RAIZ NERVIOSA DE COLUMNA CERVICAL"
"S143","TRAUMATISMO DEL PLEXO BRAQUIAL"
"S144","TRAUMATISMO DE NERVIOS PERIFERICOS DEL CUELLO"
"S145","TRAUMATISMO DE NERVIOS CERVICALES SIMPATICOS"
"S146","TRAUMATISMO DE OTROS NERVIOS Y DE LOS NO ESPECIFICADOS DEL CUELLO"
"S150","TRAUMATISMO DE LA ARTERIA CAROTIDA"
"S151","TRAUMATISMO DE LA ARTERIA VERTEBRAL"
"S152","TRAUMATISMO DE LA VENA YUGULAR EXTERNA"
"S153","TRAUMATISMO DE LA VENA YUGULAR INTERNA"
"S157","TRAUMATISMO DE MULTIPLES VASOS SANGUINEOS A NIVEL DEL CUELLO"
"S158","TRAUMATISMO DE OTROS VASOS SANGUINEOS A NIVEL DEL CUELLO"
"S159","TRAUMATISMO DE VASOS SANGUINEOS NO ESPECIFICADOS A NIVEL DEL CUELLO"
"S16X","TRAUMATISMO DE TENDON Y MUSCULOS A NIVEL DEL CUELLO"
"S170","TRAUMATISMO POR APLASTAMIENTO DE LA LARINGE Y DE LA TRAQUEA"
"S178","TRAUMATISMO POR APLASTAMIENTO DE OTRAS PARTES DEL CUELLO"
"S179","TRAUMATISMO POR APLASTAMIENTO DEL CUELLO, PARTE NO ESPECIFICADA"
"S18X","AMPUTACION TRAUMATICA A NIVEL DEL CUELLO"
"S197","TRAUMATISMOS MULTIPLES DEL CUELLO"
"S198","OTROS TRAUMATISMOS DEL CUELLO, ESPECIFICADOS"
"S199","TRAUMATISMO DEL CUELLO, NO ESPECIFICADO"
"S200","CONTUSION DE LA MAMA"
"S201","OTROS TRAUMATISMOS SUPERFICIALES Y LOS NO ESPECIFICADOS DE LA MAMA"
"S202","CONTUSION DEL TORAX"
"S203","OTROS TRAUMATISMOS SUPERFICIALES DE LA PARED ANTERIOR DEL TORAX"
"S204","OTROS TRAUMATISMOS SUPERFICIALES DE LA PARED POSTERIOR DEL TORAX"
"S207","TRAUMATISMOS SUPERFICIALES MULTIPLES DEL TORAX"
"S208","TRAUMATISMO SUPERFICIAL DE OTRAS PARTES Y DE LAS NO ESPECIFICADAS DEL TORAX"
"S210","HERIDA DE LA MAMA"
"S211","HERIDA DE LA PARED ANTERIOR DEL TORAX"
"S212","HERIDA DE LA PARED POSTERIOR DEL TORAX"
"S217","HERIDA MULTIPLE DE LA PARED TORACICA"
"S218","HERIDA DE OTRAS PARTES DEL TORAX"
"S219","HERIDA DEL TORAX, PARTE NO ESPECIFICADA"
"S220","FRACTURA DE VERTEBRA TORACICA"
"S221","FRACTURAS MULTIPLES DE COLUMNA TORACICA"
"S222","FRACTURA DEL ESTERNON"
"S223","FRACTURA DE COSTILLA"
"S224","FRACTURAS MULTIPLES DE COSTILLAS"
"S225","TORAX AZOTADO"
"S228","FRACTURA DE OTRAS PARTES DEL TORAX OSEO"
"S229","FRACTURA DEL TORAX OSEO, PARTE NO ESPECIFICADA"
"S230","RUPTURA TRAUMATICA DE DISCO INTERVERTEBRAL TORACICO"
"S231","LUXACION DE VERTEBRA TORACICA"
"S232","LUXACION DE OTRAS PARTES Y DE LAS NO ESPECIFICADAS DEL TORAX"
"S233","ESGUINCES Y TORCEDURAS DE COLUMNA TORACICA"
"S234","ESGUINCES Y TORCEDURAS DE COSTILLAS Y ESTERNON"
"S235","ESGUINCES Y TORCEDURAS DE OTRAS PARTES Y DE LAS NO ESPECIFICADAS DEL TORAX"
"S240","CONCUSION Y EDEMA DE LA MEDULA ESPINAL TORACICA"
"S241","OTROS TRAUMATISMOS Y LOS NO ESPECIFICADOS DE LA MEDULA ESPINAL TORACICA"
"S242","TRAUMATISMO DE RAICES NERVIOSAS DE LA COLUMNA TORACICA"
"S243","TRAUMATISMO DE NERVIOS PERIFERICOS DEL TORAX"
"S244","TRAUMATISMO DE NERVIOS SIMPATICOS TORACICOS"
"S245","TRAUMATISMO DE OTROS NERVIOS DEL TORAX"
"S246","TRAUMATISMO DE NERVIO NO ESPECIFICADO DEL TORAX"
"S250","TRAUMATISMO DE LA AORTA TORACICA"
"S251","TRAUMATISMO DE LA ARTERIA INNOMINADA O SUBCLAVIA"
"S252","TRAUMATISMO DE VENA CAVA SUPERIOR"
"S253","TRAUMATISMO DE LA VENA INNOMINADA O SUBCLAVIA"
"S254","TRAUMATISMO DE VASOS SANGUINEOS PULMONARES"
"S255","TRAUMATISMO DE VASOS SANGUINEOS INTERCOSTALES"
"S257","TRAUMATISMO DE MULTIPLES VASOS SANGUINEOS DEL TORAX"
"S258","TRAUMATISMO DE OTROS VASOS SANGUINEOS DEL TORAX"
"S259","TRAUMATISMO DE VASOS SANGUINEOS NO ESPECIFICADOS DEL TORAX"
"S260","TRAUMATISMO DEL CORAZON CON HEMOPERICARDIO"
"S268","OTROS TRAUMATISMOS DEL CORAZON"
"S269","TRAUMATISMO DEL CORAZON, NO ESPECIFICADO"
"S270","NEUMOTORAX TRAUMATICO"
"S271","HEMOTORAX TRAUMATICO"
"S272","HEMONEUMOTORAX TRAUMATICO"
"S273","OTROS TRAUMATISMOS DEL PULMON"
"S274","TRAUMATISMO DE LOS BRONQUIOS"
"S275","TRAUMATISMO DE LA TRAQUEA TORACICA"
"S276","TRAUMATISMO DE LA PLEURA"
"S277","TRAUMATISMOS MULTIPLES DE ORGANOS INTRATORACICOS"
"S278","TRAUMATISMO DE OTROS ORGANOS INTRATORACICOS, ESPECIFICADOS"
"S279","TRAUMATISMO DE ORGANO INTRATORACICO, NO ESPECIFICADO"
"S280","APLASTAMIENTO DEL TORAX"
"S281","AMPUTACION TRAUMATICA DE PARTE DEL TORAX"
"S290","TRAUMATISMO DE TENDON Y MUSCULOS A NIVEL DEL TORAX"
"S297","TRAUMATISMOS MULTIPLES DEL TORAX"
"S298","OTROS TRAUMATISMOS DEL TORAX, ESPECIFICADOS"
"S299","TRAUMATISMO DEL TORAX, NO ESPECIFICADO"
"S300","CONTUSION DE LA REGION LUMBOSACRA Y DE LA PELVIS"
"S301","CONTUSION DE LA PARED ABDOMINAL"
"S302","CONTUSION DE ORGANOS GENITALES EXTERNOS"
"S307","TRAUMATISMOS SUPERFICIALES MULTIPLES DEL ABDOMEN, DE LA REGION LUMBOSACRA Y DE LA PELVIS"
"S308","OTROS TRAUMATISMOS SUPERFICIALES DEL ABDOMEN, DE LA REGION LUMBOSACRA Y DE LA PELVIS"
"S309","TRAUMATISMO SUPERFICIAL DEL ABDOMEN, DE LA REGION LUMBOSACRA Y DE LA PELVIS, PARTE NO ESPECIFICADA"
"S310","HERIDA DE LA REGION LUMBOSACRA Y DE LA PELVIS"
"S311","HERIDA DE LA PARED ABDOMINAL"
"S312","HERIDA DEL PENE"
"S313","HERIDA DEL ESCROTO Y DE LOS TESTICULOS"
"S314","HERIDA DE LA VAGINA Y DE LA VULVA"
"S315","HERIDA DE OTROS ORGANOS GENITALES EXTERNOS Y DE LOS NO ESPECIFICADOS"
"S317","HERIDAS MULTIPLES DEL ABDOMEN, DE LA REGION LUMBOSACRA Y DE LA PELVIS"
"S318","HERIDAS DE OTRAS PARTES Y DE LAS NO ESPECIFICADAS DEL ABDOMEN"
"S320","FRACTURA DE VERTEBRA LUMBAR"
"S321","FRACTURA DEL SACRO"
"S322","FRACTURA DEL COCCIX"
"S323","FRACTURA DEL HUESO ILIACO"
"S324","FRACTURA DEL ACETABULO"
"S325","FRACTURA DEL PUBIS"
"S327","FRACTURAS MULTIPLES DE LA COLUMNA LUMBAR Y DE LA PELVIS"
"S328","FRACTURA DE OTRAS PARTES Y DE LAS NO ESPECIFICADAS DE LA COLUMNA LUMBAR Y DE LA PELVIS"
"S330","RUPTURA TRAUMATICA DE DISCO INTERVERTEBRAL LUMBAR"
"S331","LUXACION DE VERTEBRA LUMBAR"
"S332","LUXACION DE ARTICULACION SACROCOCCIGEA Y SACROILIACA"
"S333","LUXACION DE OTRAS PARTES Y DE LAS NO ESPECIFICADAS DE LA COLUMNA LUMBAR Y DE LA PELVIS"
"S334","RUPTURA TRAUMATICA DE LA SINFISIS DEL PUBIS"
"S335","ESGUINCES Y TORCEDURAS DE LA COLUMNA LUMBAR"
"S336","ESGUINCES Y TORCEDURAS DE LA ARTICULACION SACROILIACA"
"S337","ESGUINCES Y TORCEDURAS DE OTRAS PARTES Y DE LA NO ESPECIFICADAS DE LA COLUMNA LUMBAR Y DE LA PELVIS"
"S340","CONCUSION Y EDEMA DE LA MEDULA ESPINAL LUMBAR"
"S341","OTRO TRAUMATISMO DE LA MEDULA ESPINAL LUMBAR"
"S342","TRAUMATISMO DE RAIZ NERVIOSA DE LA COLUMNA LUMBAR Y SACRA"
"S343","TRAUMATISMO DE LA COLA DE CABALLO"
"S344","TRAUMATISMO DEL PLEXO LUMBOSACRO"
"S345","TRAUMATISMO DE NERVIOS(S) SIMPATICO(S) LUMBAR(ES), SACRO(S) Y PELVICO(S)"
"S346","TRAUMATISMO DE NERVIO(S) PERIFERICO(S) DEL ABDOMEN, DE LA REGION LUMBOSACRA Y DE LA PELVIS"
"S348","TRAUMATISMO DE OTROS NERVIOS A NIVEL DEL ABDOMEN, DE LA REGION LUMBOSACRA Y DE LA PELVIS Y DE LOS NO ESPECIFICADOS"
"S350","TRAUMATISMO DE LA AORTA ABDOMINAL"
"S351","TRAUMATISMO DE LA VENA CAVA INFERIOR"
"S352","TRAUMATISMO DE ARTERIAS CELIACAS Y MESENTERICAS"
"S353","TRAUMATISMO DE VENAS PORTA Y ESPLENICA"
"S354","TRAUMATISMO DE VASOS SANGUINEOS RENALES"
"S355","TRAUMATISMO DE VASOS SANGUINEOS ILIACOS"
"S357","TRAUMATISMO DE MULTIPLES VASOS SANGUINEOS A NIVEL DEL ABDOMEN, DE LA REGION LUMBOSACRA Y DE LA PELVIS"
"S358","TRAUMATISMO DE OTROS VASOS SANGUINEOS A NIVEL DEL ABDOMEN, DE LA REGION LUMBOSACRA Y DE LA PELVIS"
"S359","TRAUMATISMO DE VASOS SANGUINEOS NO ESPECIFICADOS A NIVEL DEL ABDOMEN, DE LA REGION LUMBOSACRA Y DE LA PELVIS"
"S360","TRAUMATISMO DEL BAZO"
"S361","TRAUMATISMO DEL HIGADO Y DE LA VESICULA BILIAR"
"S362","TRAUMATISMO DEL PANCREAS"
"S363","TRAUMATISMO DEL ESTOMAGO"
"S364","TRAUMATISMO DEL INTESTINO DELGADO"
"S365","TRAUMATISMO DEL COLON"
"S366","TRAUMATISMO DEL RECTO"
"S367","TRAUMATISMO DE MULTIPLES ORGANOS INTRAABDOMINALES"
"S368","TRAUMATISMO DE OTROS ORGANOS INTRAABDOMINALES"
"S369","TRAUMATISMO DE ORGANO INTRAABDOMINAL NO ESPECIFICADO"
"S370","TRAUMATISMO DEL RIÑON"
"S371","TRAUMATISMO DEL URETER"
"S372","TRAUMATISMO DE LA VEJIGA"
"S373","TRAUMATISMO DE LA URETRA"
"S374","TRAUMATISMO DEL OVARIO"
"S375","TRAUMATISMO DE LA TROMPA DE FALOPIO"
"S376","TRAUMATISMO DEL UTERO"
"S377","TRAUMATISMO DE MULTIPLES ORGANOS PELVICOS"
"S378","TRAUMATISMO DE OTROS ORGANOS PELVICOS"
"S379","TRAUMATISMO DE ORGANO PELVICO NO ESPECIFICADO"
"S380","TRAUMATISMO POR APLASTAMIENTO DE ORGANOS GENITALES EXTERNOS"
"S381","TRAUMATISMO POR APLASTAMIENTO DE OTRAS PARTES Y DE LAS NO ESPECIFICADAS DEL ABDOMEN, DE LA REGION LUMBOSACRA Y DE LA PELVIS"
"S382","AMPUTACION TRAUMATICA DE ORGANOS GENITALES EXTERNOS"
"S383","AMPUTACION TRAUMATICA DE OTRAS PARTES Y DE LAS NO ESPECIFICADAS DEL ABDOMEN, REGION LUMBOSACRA Y PELVIS"
"S390","TRAUMATISMO DE TENDON Y DE MUSCULOS DEL ABDOMEN, DE LA REGION LUMBOSACRA Y DE LA PELVIS"
"S396","TRAUMATISMO DE ORGANO(S) INTRAABDOMINAL(ES) CON ORGANO(S) PELVICO(S)"
"S397","OTROS TRAUMATISMOS MULTIPLES DEL ABDOMEN, DE LA REGION LUMBOSACRA Y DE LA PELVIS"
"S398","OTROS TRAUMATISMOS ESPECIFICADOS DEL ABDOMEN, DE LA REGION LUMBOSACRA Y DE LA PELVIS"
"S399","TRAUMATISMO NO ESPECIFICADO DEL ABDOMEN, DE LA REGION LUMBOSACRA Y DE LA PELVIS"
"S400","CONTUSION DEL HOMBRO Y DEL BRAZO"
"S407","TRAUMATISMOS SUPERFICIALES MULTIPLES DEL HOMBRO Y DEL BRAZO"
"S408","OTROS TRAUMATISMOS SUPERFICIALES DEL HOMBRO Y DEL BRAZO"
"S409","TRAUMATISMO SUPERFICIAL NO ESPECIFICADO DEL HOMBRO Y DEL BRAZO"
"S410","HERIDA DEL HOMBRO"
"S411","HERIDA DEL BRAZO"
"S417","HERIDAS MULTIPLES DEL HOMBRO Y DEL BRAZO"
"S418","HERIDA DE OTRAS PARTES Y DE LAS NO ESPECIFICADAS DEL HOMBRO Y DEL BRAZO"
"S420","FRACTURA DE LA CLAVICULA"
"S421","FRACTURA DEL OMOPLATO"
"S422","FRACTURA DE LA EPIFISIS SUPERIOR DEL HUMERO"
"S423","FRACTURA DE LA DIAFISIS DEL HUMERO"
"S424","FRACTURA DE LA EPIFISIS INFERIOR DEL HUMERO"
"S427","FRACTURAS MULTIPLES DE LA CLAVICULA, DEL OMOPLATO Y DEL HUMERO"
"S428","FRACTURA DE OTRAS PARTES DEL HOMBRO Y DEL BRAZO"
"S429","FRACTURA DEL HOMBRO Y DEL BRAZO, PARTE NO ESPECIFICADA"
"S430","LUXACION DE LA ARTICULACION DEL HOMBRO"
"S431","LUXACION DE LA ARTICULACION ACROMIOCLAVICULAR"
"S432","LUXACION DE LA ARTICULACION ESTERNOCLAVICULAR"
"S433","LUXACION DE OTRAS PARTES DE LA CINTURA ESCAPULAR Y DE LAS NO ESPECIFICADAS"
"S434","ESGUINCES Y TORCEDURAS DE LA ARTICULACION DEL HOMBRO"
"S435","ESGUINCES Y TORCEDURAS DE LA ARTICULACION ACROMIOCLAVICULAR"
"S436","ESGUINCES Y TORCEDURAS DE LA ARTICULACION ESTERNOCLAVICULAR"
"S437","ESGUINCES Y TORCEDURAS DE OTRAS PARTES Y DE LAS NO ESPECIFICADAS DE LA CINTURA ESCAPULAR"
"S440","TRAUMATISMO DEL NERVIO CUBITAL A NIVEL DEL BRAZO"
"S441","TRAUMATISMO DEL NERVIO MEDIANO A NIVEL DEL BRAZO"
"S442","TRAUMATISMO DEL NERVIO RADIAL A NIVEL DEL BRAZO"
"S443","TRAUMATISMO DEL NERVIO AXILAR"
"S444","TRAUMATISMO DEL NERVIO MUSCULOCUTANEO"
"S445","TRAUMATISMO DEL NERVIO SENSITIVO CUTANEO A NIVEL DEL HOMBRO Y DEL BRAZO"
"S447","TRAUMATISMO DE MULTIPLES NERVIOS A NIVEL DEL HOMBRO Y DEL BRAZO"
"S448","TRAUMATISMO DE OTROS NERVIOS A NIVEL DEL HOMBRO Y DEL BRAZO"
"S449","TRAUMATISMO DE NERVIO NO ESPECIFICADO A NIVEL DEL HOMBRO Y DEL BRAZO"
"S450","TRAUMATISMO DE LA ARTERIA AXILAR"
"S451","TRAUMATISMO DE LA ARTERIA BRAQUIAL"
"S452","TRAUMATISMO DE LA VENA AXILAR O BRAQUIAL"
"S453","TRAUMATISMO DE VENA SUPERFICIAL A NIVEL DEL HOMBRO Y DEL BRAZO"
"S457","TRAUMATISMO DE MULTIPLES VASOS SANGUINEOS A NIVEL DEL HOMBRO Y DEL BRAZO"
"S458","TRAUMATISMO DE OTROS VASOS SANGUINEOS A NIVEL DEL HOMBRO Y DEL BRAZO"
"S459","TRAUMATISMO DE VASO SANGUINEO NO ESPECIFICADO A NIVEL DEL HOMBRO Y DEL BRAZO"
"S460","TRAUMATISMO DEL MUSCULO(S) Y TENDON(ES) DEL MANGUITO ROTATORIO DEL HOMBRO"
"S461","TRAUMATISMO DEL TENDON Y MUSCULO DE LA CABEZA LARGA DEL BICEPS"
"S462","TRAUMATISMO DEL TENDON Y MUSCULO DE OTRAS PARTES DEL BICEPS"
"S463","TRAUMATISMO DEL TENDON Y MUSCULO DEL TRICEPS"
"S467","TRAUMATISMO DE MULTIPLES TENDONES Y MUSCULOS A NIVEL DEL HOMBRO Y DEL BRAZO"
"S468","TRAUMATISMO DE OTROS TENDONES Y MUSCULOS A NIVEL DEL HOMBRO Y DEL BRAZO"
"S469","TRAUMATISMO DE TENDON Y MUSCULO NO ESPECIFICADO, A NIVEL DEL HOMBRO Y DEL BRAZO"
"S47X","TRAUMATISMO POR APLASTAMIENTO DEL HOMBRO Y DEL BRAZO"
"S480","AMPUTACION TRAUMATICA EN LA ARTICULACION DEL HOMBRO"
"S481","AMPUTACION TRAUMATICA A NIVEL ENTRE EL HOMBRO Y EL CODO"
"S489","AMPUTACION TRAUMATICA DEL HOMBRO Y DEL BRAZO, NIVEL NO ESPECIFICADO"
"S497","TRAUMATISMOS MULTIPLES DEL HOMBRO Y DEL BRAZO"
"S498","OTROS TRAUMATISMOS ESPECIFICADOS DEL HOMBRO Y DEL BRAZO"
"S499","TRAUMATISMOS NO ESPECIFICADOS DEL HOMBRO Y DEL BRAZO"
"S500","CONTUSION DEL CODO"
"S501","CONTUSION DE OTRAS PARTES DEL ANTEBRAZO Y DE LAS NO ESPECIFICADAS"
"S507","TRAUMATISMOS SUPERFICIALES MULTIPLES DEL ANTEBRAZO"
"S508","OTROS TRAUMATISMOS SUPERFICIALES DEL ANTEBRAZO"
"S509","TRAUMATISMO SUPERFICIAL DEL ANTEBRAZO, NO ESPECIFICADO"
"S510","HERIDA DEL CODO"
"S517","HERIDAS MULTIPLES DEL ANTEBRAZO"
"S518","HERIDA DE OTRAS PARTES DEL ANTEBRAZO"
"S519","HERIDA DEL ANTEBRAZO, PARTE NO ESPECIFICADA"
"S520","FRACTURA DE LA EPIFISIS SUPERIOR DEL CUBITO"
"S521","FRACTURA DE LA EPIFISIS SUPERIOR DEL RADIO"
"S522","FRACTURA DE LA DIAFISIS DEL CUBITO"
"S523","FRACTURA DE LA DIAFISIS DEL RADIO"
"S524","FRACTURA DE LA DIAFISIS DEL CUBITO Y DEL RADIO"
"S525","FRACTURA DE LA EPIFISIS INFERIOR DEL RADIO"
"S526","FRACTURA DE LA EPIFISIS INFERIOR DEL CUBITO Y DEL RADIO"
"S527","FRACTURAS MULTIPLES DEL ANTEBRAZO"
"S528","FRACTURA DE OTRAS PARTES DEL ANTEBRAZO"
"S529","FRACTURA DEL ANTEBRAZO, PARTE NO ESPECIFICADA"
"S530","LUXACION DE LA CABEZA DEL RADIO"
"S531","LUXACION DEL CODO, NO ESPECIFICADA"
"S532","RUPTURA TRAUMATICA DEL LIGAMENTO LATERAL DEL RADIO"
"S533","RUPTURA TRAUMATICA DEL LIGAMENTO LATERAL DEL CUBITO"
"S534","ESGUINCES Y TORCEDURAS DEL CODO"
"S540","TRAUMATISMO DEL NERVIO CUBITAL A NIVEL DEL ANTEBRAZO"
"S541","TRAUMATISMO DEL NERVIO MEDIANO A NIVEL DEL ANTEBRAZO"
"S542","TRAUMATISMO DEL NERVIO RADIAL A NIVEL DEL ANTEBRAZO"
"S543","TRAUMATISMO DEL NERVIO SENSORIAL CUTANEO A NIVEL DEL ANTEBRAZO"
"S547","TRAUMATISMO DE MULTIPLES NERVIOS A NIVEL DEL ANTEBRAZO"
"S548","TRAUMATISMO DE OTROS NERVIOS A NIVEL DEL ANTEBRAZO"
"S549","TRAUMATISMO DE NERVIO NO ESPECIFICADO A NIVEL DEL ANTEBRAZO"
"S550","TRAUMATISMO DE LA ARTERIA CUBITAL A NIVEL DEL ANTEBRAZO"
"S551","TRAUMATISMO DE LA ARTERIA RADIAL A NIVEL DEL ANTEBRAZO"
"S552","TRAUMATISMO DE VENA A NIVEL DEL ANTEBRAZO"
"S557","TRAUMATISMO DE MULTIPLES VASOS SANGUINEOS A NIVEL DEL ANTEBRAZO"
"S558","TRAUMATISMO DE OTROS VASOS SANGUINEOS A NIVEL DEL ANTEBRAZO"
"S559","TRAUMATISMO DE VASO SANGUINEO NO ESPECIFICADO A NIVEL DEL ANTEBRAZO"
"S560","TRAUMATISMO DEL TENDON Y MUSCULO FLEXOR DEL PULGAR A NIVEL DEL ANTEBRAZO"
"S561","TRAUMATISMO DEL TENDON Y MUSCULO FLEXOR DE OTRO(S) DEDO(S) A NIVEL DEL ANTEBRAZO"
"S562","TRAUMATISMO DE OTRO TENDON Y MUSCULO FLEXOR A NIVEL DEL ANTEBRAZO"
"S563","TRAUMATISMO DE TENDONES Y MUSCULOS ABDUCTORES Y EXTENSORES DEL PULGAR A NIVEL DEL ANTEBRAZO"
"S564","TRAUMATISMO DEL TENDON Y MUSCULO EXTENSOR DE OTRO(S) DEDO(S) A NIVEL DEL ANTEBRAZO"
"S565","TRAUMATISMO DE OTRO TENDON Y MUSCULO EXTENSOR A NIVEL DEL ANTEBRAZO"
"S567","TRAUMATISMO DE MULTIPLES TENDONES Y MUSCULOS A NIVEL DEL ANTEBRAZO"
"S568","TRAUMATISMO DE OTROS TENDONES Y MUSCULOS Y DE LOS NO ESPECIFICADOS, A NIVEL DEL ANTEBRAZO"
"S570","TRAUMATISMO POR APLASTAMIENTO DEL CODO"
"S578","TRAUMATISMO POR APLASTAMIENTO DE OTRAS PARTES DEL ANTEBRAZO"
"S579","TRAUMATISMO POR APLASTAMIENTO DEL ANTEBRAZO, PARTE NO ESPECIFICADA"
"S580","AMPUTACION TRAUMATICA A NIVEL DEL CODO"
"S581","AMPUTACION TRAUMATICA NIVEL ENTRE EL CODO Y LA MUÑECA"
"S589","AMPUTACION TRAUMATICA DEL ANTEBRAZO, NIVEL NO ESPECIFICADO"
"S597","OTROS TRAUMATISMOS MULTIPLES DEL ANTEBRAZO"
"S598","OTROS TRAUMATISMOS ESPECIFICADOS DEL ANTEBRAZO"
"S599","TRAUMATISMO NO ESPECIFICADO DEL ANTEBRAZO"
"S600","CONTUSION DE DEDO(S) DE LA MANO, SIN DAÑO DE LA(S) UÑA(S)"
"S601","CONTUSION DE DEDO(S) DE LA MANO CON DAÑO DE LA(S) UÑA(S)"
"S602","CONTUSION DE OTRAS PARTES DE LA MUÑECA Y DE LA MANO"
"S607","TRAUMATISMOS SUPERFICIALES MULTIPLES DE LA MUÑECA Y DE LA MANO"
"S608","OTROS TRAUMATISMOS SUPERFICIALES DE LA MUÑECA Y DE LA MANO"
"S609","TRAUMATISMO SUPERFICIAL DE LA MUÑECA Y DE LA MANO, NO ESPECIFICADO"
"S610","HERIDA DE DEDO(S) DE LA MANO, SIN DAÑO DE LA(S) UÑA(S)"
"S611","HERIDA DE DEDO(S) DE LA MANO, CON DAÑO DE LA(S) UÑA(S)"
"S617","HERIDAS MULTIPLES DE LA MUÑECA Y DE LA MANO"
"S618","HERIDA DE OTRAS PARTES DE LA MUÑECA Y DE LA MANO"
"S619","HERIDA DE LA MUÑECA Y DE LA MANO, PARTE NO ESPECIFICADA"
"S620","FRACTURA DEL HUESO ESCAFOIDES [NAVICULAR] DE LA MANO"
"S621","FRACTURA DE OTRO(S) HUESO(S) DEL CARPO"
"S622","FRACTURA DEL PRIMER METACARPIANO"
"S623","FRACTURA DE OTROS HUESOS METACARPIANOS"
"S624","FRACTURAS MULTIPLES DE HUESOS METACARPIANOS"
"S625","FRACTURA DEL PULGAR"
"S626","FRACTURA DE OTRO DEDO DE LA MANO"
"S627","FRACTURAS MULTIPLES DE LOS DEDOS DE LA MANO"
"S628","FRACTURA DE OTRAS PARTES Y DE LAS NO ESPECIFICADAS DE LA MUÑECA Y DE LA MANO"
"S630","LUXACION DE LA MUÑECA"
"S631","LUXACION DE DEDOS DE LA MANO"
"S632","LUXACIONES MULTIPLES DE DEDOS DE LA MANO"
"S633","RUPTURA TRAUMATICA DE LIGAMENTOS DE LA MUÑECA Y DEL CARPO"
"S634","RUPTURA TRAUMATICA DE LIGAMENTOS DEL DEDO DE LA MANO EN LA(S) ARTICULACION(ES) METACARPOFALANGICA E INTERFALANGICA"
"S635","ESGUINCE Y TORCEDURA DE LA MUÑECA"
"S636","ESGUINCES Y TORCEDURAS DE DEDO(S) DE LA MANO"
"S637","ESGUINCES Y TORCEDURAS DE OTRAS PARTES Y DE LAS NO ESPECIFICADAS DE LA MUÑECA Y DE LA MANO"
"S640","TRAUMATISMO DEL NERVIO CUBITAL A NIVEL DE LA MUÑECA Y DE LA MANO"
"S641","TRAUMATISMO DEL NERVIO MEDIANO A NIVEL DE LA MUÑECA Y DE LA MANO"
"S642","TRAUMATISMO DEL NERVIO RADIAL A NIVEL DE LA MUÑECA Y DE LA MANO"
"S643","TRAUMATISMO DEL NERVIO DIGITAL DEL PULGAR"
"S644","TRAUMATISMO DEL NERVIO DIGITAL DE OTRO DEDO"
"S647","TRAUMATISMO DE MULTIPLES NERVIOS A NIVEL DE LA MUÑECA Y DE LA MANO"
"S648","TRAUMATISMO DE OTROS NERVIOS A NIVEL DE LA MUÑECA Y DE LA MANO"
"S649","TRAUMATISMO DE NERVIO NO ESPECIFICADO A NIVEL DE LA MUÑECA Y DE LA MANO"
"S650","TRAUMATISMO DE LA ARTERIA CUBITAL A NIVEL DE LA MUÑECA Y DE LA MANO"
"S651","TRAUMATISMO DE LA ARTERIA RADIAL A NIVEL DE LA MUÑECA Y DE LA MANO"
"S652","TRAUMATISMO DEL ARCO PALMAR SUPERFICIAL"
"S653","TRAUMATISMO DEL ARCO PALMAR PROFUNDO"
"S654","TRAUMATISMO DE VASO(S) SANGUINEO(S) DEL PULGAR"
"S655","TRAUMATISMO DE VASO(S) SANGUINEO(S) DE OTRO DEDO"
"S657","TRAUMATISMO DE MULTIPLES VASOS SANGUINEOS A NIVEL DE LA MUÑECA Y DE LA MANO"
"S658","TRAUMATISMO DE OTROS VASOS SANGUINEOS A NIVEL DE LA MUÑECA Y DE LA MANO"
"S659","TRAUMATISMO DE VASO SANGUINEO NO ESPECIFICADO, A NIVEL DE LA MUÑECA Y DE LA MANO"
"S660","TRAUMATISMO DEL TENDON Y MUSCULO FLEXOR LARGO DEL PULGAR A NIVEL DE LA MUÑECA Y DE LA MANO"
"S661","TRAUMATISMO DEL TENDON Y MUSCULO FLEXOR DE OTRO DEDO A NIVEL DE LA MUÑECA Y DE LA MANO"
"S662","TRAUMATISMO DEL TENDON Y MUSCULO EXTENSOR DEL PULGAR A NIVEL DE LA MUÑECA Y DE LA MANO"
"S663","TRAUMATISMO DEL TENDON Y MUSCULO EXTENSOR DE OTRO(S) DEDO(S) A NIVEL DE LA MUÑECA Y DE LA MANO"
"S664","TRAUMATISMO DEL MUSCULO Y TENDON INTRINSECO DEL PULGAR A NIVEL DE LA MUÑECA Y DE LA MANO"
"S665","TRAUMATISMO DEL MUSCULO Y TENDON INTRINSECO DE OTRO(S) DEDO(S) A NIVEL DE LA MUÑECA Y DE LA MANO"
"S666","TRAUMATISMO DE MULTIPLES TENDONES Y MUSCULOS FLEXORES A NIVEL DE LA MUÑECA Y DE LA MANO"
"S667","TRAUMATISMO DE MULTIPLES TENDONES Y MUSCULOS EXTENSORES A NIVEL DE LA MUÑECA Y DE LA MANO"
"S668","TRAUMATISMO DE OTROS TENDONES Y MUSCULOS A NIVEL DE LA MUÑECA Y DE LA MANO"
"S669","TRAUMATISMO DE TENDON Y MUSCULO NO ESPECIFICADO, A NIVEL DE LA MUÑECA Y DE LA MANO"
"S670","TRAUMATISMO POR APLASTAMIENTO DEL PULGAR Y OTRO(S) DEDO(S)"
"S678","TRAUMATISMO POR APLASTAMIENTO DE OTRAS PARTES Y DE LAS NO ESPECIFICADAS DE LA MUÑECA Y DE LA MANO"
"S680","AMPUTACION TRAUMATICA DEL PULGAR (COMPLETA) (PARCIAL)"
"S681","AMPUTACION TRAUMATICA DE OTRO DEDO UNICO (COMPLETA) (PARCIAL)"
"S682","AMPUTACION TRAUMATICA DE DOS O MAS DEDOS SOLAMENTE (COMPLETA) (PARCIAL)"
"S683","AMPUTACION TRAUMATICA COMBINADA (DE PARTE) DE DEDO(S) CON OTRAS PARTES DE LA MUÑECA Y DE LA MANO"
"S684","AMPUTACION TRAUMATICA DE LA MANO A NIVEL DE LA MUÑECA"
"S688","AMPUTACION TRAUMATICA DE OTRAS PARTES DE LA MUÑECA Y DE LA MANO"
"S689","AMPUTACION TRAUMATICA DE LA MUÑECA Y DE LA MANO, NIVEL NO ESPECIFICADO"
"S697","OTROS TRAUMATISMOS MULTIPLES DE LA MUÑECA Y DE LA MANO"
"S698","OTROS TRAUMATISMOS ESPECIFICADOS DE LA MUÑECA Y DE LA MANO"
"S699","TRAUMATISMO NO ESPECIFICADO DE LA MUÑECA Y DE LA MANO"
"S700","CONTUSION DE LA CADERA"
"S701","CONTUSION DEL MUSLO"
"S707","TRAUMATISMOS SUPERFICIALES MULTIPLES DE LA CADERA Y DEL MUSLO"
"S708","OTROS TRAUMATISMOS SUPERFICIALES DE LA CADERA Y DEL MUSLO"
"S709","TRAUMATISMO SUPERFICIAL DE LA CADERA Y DEL MUSLO, NO ESPECIFICADO"
"S710","HERIDA DE LA CADERA"
"S711","HERIDA DEL MUSLO"
"S717","HERIDAS MULTIPLES DE LA CADERA Y DEL MUSLO"
"S718","HERIDA DE OTRAS PARTES Y DE LAS NO ESPECIFICADAS DE LA CINTURA PELVICA"
"S720","FRACTURA DEL CUELLO DE FEMUR"
"S721","FRACTURA PERTROCANTERIANA"
"S722","FRACTURA SUBTROCANTERIANA"
"S723","FRACTURA DE LA DIAFISIS DEL FEMUR"
"S724","FRACTURA DE LA EPIFISIS INFERIOR DEL FEMUR"
"S727","FRACTURAS MULTIPLES DEL FEMUR"
"S728","FRACTURAS DE OTRAS PARTES DEL FEMUR"
"S729","FRACTURA DEL FEMUR, PARTE NO ESPECIFICADA"
"S730","LUXACION DE LA CADERA"
"S731","ESGUINCES Y TORCEDURAS DE LA CADERA"
"S740","TRAUMATISMO DEL NERVIO CIATICO A NIVEL DE LA CADERA Y DEL MUSLO"
"S741","TRAUMATISMO DEL NERVIO FEMOROCUTANEO A NIVEL DE LA CADERA Y DEL MUSLO"
"S742","TRAUMATISMO DEL NERVIO SENSORIAL CUTANEO A NIVEL DE LA CADERA Y DEL MUSLO"
"S747","TRAUMATISMO DE NERVIOS MULTIPLES A NIVEL DE LA CADERA Y DEL MUSLO"
"S748","TRAUMATISMO DE OTROS NERVIOS A NIVEL DE LA CADERA Y DEL MUSLO"
"S749","TRAUMATISMO DE NERVIO NO ESPECIFICADO A NIVEL DE LA CADERA Y DEL MUSLO"
"S750","TRAUMATISMO DE LA ARTERIA FEMORAL"
"S751","TRAUMATISMO DE LA VENA FEMORAL A NIVEL DE LA CADERA Y DEL MUSLO"
"S752","TRAUMATISMO DE LA GRAN VENA SAFENA A NIVEL DE LA CADERA Y DEL MUSLO"
"S757","TRAUMATISMO DE MULTIPLES VASOS SANGUINEOS A NIVEL DE LA CADERA Y DEL MUSLO"
"S758","TRAUMATISMO DE OTROS VASOS SANGUINEOS A NIVEL DE LA CADERA Y DEL MUSLO"
"S759","TRAUMATISMO DE VASO SANGUINEO NO ESPECIFICADO A NIVEL DE LA CADERA Y DEL MUSLO"
"S760","TRAUMATISMO DEL TENDON Y MUSCULO DE LA CADERA"
"S761","TRAUMATISMO DEL TENDON Y MUSCULO CUADRICEPS"
"S762","TRAUMATISMO DEL TENDON Y MUSCULO ADUCTOR MAYOR DEL MUSLO"
"S763","TRAUMATISMO DE TENDON Y MUSCULO DEL GRUPO MUSCULAR POSTERIOR A NIVEL DEL MUSLO"
"S764","TRAUMATISMO DE OTROS TENDONES Y MUSCULOS Y LOS NO ESPECIFICADOS A NIVEL DEL MUSLO"
"S767","TRAUMATISMO DE MULTIPLES TENDONES Y MUSCULOS A NIVEL DE LA CADERA Y DEL MUSLO"
"S770","TRAUMATISMO POR APLASTAMIENTO DE LA CADERA"
"S771","TRAUMATISMO POR APLASTAMIENTO DEL MUSLO"
"S772","TRAUMATISMO POR APLASTAMIENTO DE LA CADERA CON EL MUSLO"
"S780","AMPUTACION TRAUMATICA DE LA ARTICULACION DE LA CADERA"
"S781","AMPUTACION TRAUMATICA EN ALGUN NIVEL ENTRE LA CADERA Y LA RODILLA"
"S789","AMPUTACION TRAUMATICA DE CADERA Y MUSLO, NIVEL NO ESPECIFICADO"
"S797","TRAUMATISMOS MULTIPLES DE LA CADERA Y DEL MUSLO"
"S798","OTROS TRAUMATISMOS ESPECIFICADOS DE LA CADERA Y DEL MUSLO"
"S799","TRAUMATISMO NO ESPECIFICADO DE LA CADERA Y DEL MUSLO"
"S800","CONTUSION DE LA RODILLA"
"S801","CONTUSION DE OTRAS PARTES Y LAS NO ESPECIFICADAS DE LA PIERNA"
"S807","TRAUMATISMOS SUPERFICIALES MULTIPLES DE LA PIERNA"
"S808","OTROS TRAUMATISMOS SUPERFICIALES DE LA PIERNA"
"S809","TRAUMATISMO SUPERFICIAL DE LA PIERNA, NO ESPECIFICADO"
"S810","HERIDA DE LA RODILLA"
"S817","HERIDAS MULTIPLES DE LA PIERNA"
"S818","HERIDA DE OTRAS PARTES DE LA PIERNA"
"S819","HERIDA DE LA PIERNA, PARTE NO ESPECIFICADA"
"S820","FRACTURA DE LA ROTULA"
"S821","FRACTURA DE LA EPIFISIS SUPERIOR DE LA TIBIA"
"S822","FRACTURA DE LA DIAFISIS DE LA TIBIA"
"S823","FRACTURA DE LA EPIFISIS INFERIOR DE LA TIBIA"
"S824","FRACTURA DEL PERONE SOLAMENTE"
"S825","FRACTURA DEL MALEOLO INTERNO"
"S826","FRACTURA DEL MALEOLO EXTERNO"
"S827","FRACTURAS MULTIPLES DE LA PIERNA"
"S828","FRACTURA DE OTRAS PARTES DE LA PIERNA"
"S829","FRACTURA DE LA PIERNA, PARTE NO ESPECIFICADA"
"S830","LUXACION DE LA ROTULA"
"S831","LUXACION DE LA RODILLA"
"S832","DESGARRO DE MENISCOS, PRESENTE"
"S833","DESGARRO DEL CARTILAGO ARTICULAR DE LA RODILLA, PRESENTE"
"S834","ESGUINCES Y TORCEDURAS QUE COMPROMETEN LOS LIGAMENTOS LATERALES (EXTERNO) (INTERNO) DE LA RODILLA"
"S835","ESGUINCES Y TORCEDURAS QUE COMPROMETEN EL LIGAMENTO CRUZADO (ANTERIOR) (POSTERIOR) DE LA RODILLA"
"S836","ESGUINCES Y TORCEDURAS DE OTRAS PARTES Y LAS NO ESPECIFICADAS DE LA RODILLA"
"S837","TRAUMATISMO DE ESTRUCTURAS MULTIPLES DE LA RODILLA"
"S840","TRAUMATISMO DEL NERVIO TIBIAL A NIVEL DE LA PIERNA"
"S841","TRAUMATISMO DEL NERVIO PERONEO A NIVEL DE LA PIERNA"
"S842","TRAUMATISMO DEL NERVIO SENSORIAL CUTANEO A NIVEL DE LA PIERNA"
"S847","TRAUMATISMO DE NERVIOS MULTIPLES A NIVEL DE LA PIERNA"
"S848","TRAUMATISMO DE OTROS NERVIOS A NIVEL DE LA PIERNA"
"S849","TRAUMATISMO DE NERVIO NO ESPECIFICADO A NIVEL DE LA PIERNA"
"S850","TRAUMATISMO DE LA ARTERIA POPLITEA"
"S851","TRAUMATISMO DE LA ARTERIA TIBIAL (ANTERIOR) (POSTERIOR)"
"S852","TRAUMATISMO DE LA ARTERIA PERONEA"
"S853","TRAUMATISMO DE LA GRAN VENA SAFENA A NIVEL DE LA PIERNA"
"S854","TRAUMATISMO DE LA VENA SAFENA EXTERNA A NIVEL DE LA PIERNA"
"S855","TRAUMATISMO DE LA VENA POPLITEA"
"S857","TRAUMATISMO DE VASOS SANGUINEOS MULTIPLES A NIVEL DE LA PIERNA"
"S858","TRAUMATISMO DE OTROS VASOS SANGUINEOS A NIVEL DE LA PIERNA"
"S859","TRAUMATISMO DE VASO SANGUINEO NO ESPECIFICADO A NIVEL DE LA PIERNA"
"S860","TRAUMATISMO DEL TENDON DE AQUILES"
"S861","TRAUMATISMO DE OTRO(S) TENDON(ES) Y MUSCULO(S) DEL GRUPO MUSCULAR POSTERIOR A NIVEL DE LA PIERNA"
"S862","TRAUMATISMO DE TENDON(ES) Y MUSCULO(S) DEL GRUPO MUSCULAR ANTERIOR A NIVEL DE LA PIERNA"
"S863","TRAUMATISMO DE TENDON(ES) Y MUSCULO(S) DEL GRUPO MUSCULAR PERONEO A NIVEL DE LA PIERNA"
"S867","TRAUMATISMO DE MULTIPLES TENDONES Y MUSCULOS A NIVEL DE LA PIERNA"
"S868","TRAUMATISMO DE OTROS TENDONES Y MUSCULOS A NIVEL DE LA PIERNA"
"S869","TRAUMATISMO DE TENDON Y MUSCULO NO ESPECIFICADO A NIVEL DE LA PIERNA"
"S870","TRAUMATISMO POR APLASTAMIENTO DE LA RODILLA"
"S878","TRAUMATISMO POR APLASTAMIENTO DE OTRAS PARTES Y DE LAS NO ESPECIFICADAS DE LA PIERNA"
"S880","AMPUTACION TRAUMATICA A NIVEL DE LA RODILLA"
"S881","AMPUTACION TRAUMATICA EN ALGUN NIVEL ENTRE LA RODILLA Y EL TOBILLO"
"S889","AMPUTACION TRAUMATICA DE LA PIERNA, NIVEL NO ESPECIFICADO"
"S897","TRAUMATISMOS MULTIPLES DE LA PIERNA"
"S898","OTROS TRAUMATISMOS DE LA PIERNA, ESPECIFICADOS"
"S899","TRAUMATISMO DE LA PIERNA, NO ESPECIFICADO"
"S900","CONTUSION DEL TOBILLO"
"S901","CONTUSION DE DEDO(S) DEL PIE SIN DAÑO DE LA(S) UÑA(S)"
"S902","CONTUSION DE DEDO(S) DEL PIE CON DAÑO DE LA(S) UÑA(S)"
"S903","CONTUSION DE OTRAS PARTES Y DE LAS NO ESPECIFICADAS DEL PIE"
"S907","TRAUMATISMOS SUPERFICIALES MULTIPLES DEL PIE Y DEL TOBILLO"
"S908","OTROS TRAUMATISMOS SUPERFICIALES DEL PIE Y DEL TOBILLO"
"S909","TRAUMATISMO SUPERFICIAL DEL PIE Y DEL TOBILLO, NO ESPECIFICADO"
"S910","HERIDA DEL TOBILLO"
"S911","HERIDA DE DEDO(S) DEL PIE SIN DAÑO(S) DE LA(S) UÑA(S)"
"S912","HERIDA DE DEDO(S) DEL PIE CON DAÑO(S) DE LA(S) UÑA(S)"
"S913","HERIDA DE OTRAS PARTES DEL PIE"
"S917","HERIDAS MULTIPLES DEL TOBILLO Y DEL PIE"
"S920","FRACTURA DEL CALCANEO"
"S921","FRACTURA DEL ASTRAGALO"
"S922","FRACTURA DE OTRO(S) HUESO(S) DEL TARSO"
"S923","FRACTURA DE HUESO DEL METATARSO"
"S924","FRACTURA DE LOS HUESOS DEL DEDO GORDO DEL PIE"
"S925","FRACTURA DE LOS HUESOS DE OTRO(S) DEDO(S) DEL PIE"
"S927","FRACTURAS MULTIPLES DEL PIE"
"S929","FRACTURA DEL PIE, NO ESPECIFICADA"
"S930","LUXACION DE LA ARTICULACION DEL TOBILLO"
"S931","LUXACION DE DEDO(S) DEL PIE"
"S932","RUPTURA DE LIGAMENTOS A NIVEL DEL TOBILLO Y DEL PIE"
"S933","LUXACION DE OTROS SITIOS Y LOS NO ESPECIFICADOS DEL PIE"
"S934","ESGUINCES Y TORCEDURAS DEL TOBILLO"
"S935","ESGUINCES Y TORCEDURAS DE DEDO(S) DEL PIE"
"S936","ESGUINCES Y TORCEDURAS DE OTROS SITIOS Y LOS NO ESPECIFICADOS DEL PIE"
"S940","TRAUMATISMO DEL NERVIO PLANTAR EXTERNO"
"S941","TRAUMATISMO DEL NERVIO PLANTAR INTERNO"
"S942","TRAUMATISMO DEL NERVIO PERONEAL PROFUNDO A NIVEL DEL PIE Y DEL TOBILLO"
"S943","TRAUMATISMO DE NERVIO SENSORIAL CUTANEO A NIVEL DEL PIE Y DEL TOBILLO"
"S947","TRAUMATISMO DE MULTIPLES NERVIOS A NIVEL DEL PIE Y DEL TOBILLO"
"S948","TRAUMATISMO DE OTROS NERVIOS A NIVEL DEL PIE Y DEL TOBILLO"
"S949","TRAUMATISMO DE NERVIO NO ESPECIFICADO A NIVEL DEL PIE Y DEL TOBILLO"
"S950","TRAUMATISMO DE LA ARTERIA DORSAL DEL PIE"
"S951","TRAUMATISMO DE LA ARTERIA PLANTAR DEL PIE"
"S952","TRAUMATISMO DE LA VENA DORSAL DEL PIE"
"S957","TRAUMATISMO DE MULTIPLES VASOS SANGUINEOS A NIVEL DEL PIE Y DEL TOBILLO"
"S958","TRAUMATISMO DE OTROS VASOS SANGUINEOS A NIVEL DEL PIE Y DEL TOBILLO"
"S959","TRAUMATISMO DE VASO SANGUINEO NO ESPECIFICADO A NIVEL DE PIE Y DEL TOBILLO"
"S960","TRAUMATISMO DEL TENDON Y MUSCULO DEL FLEXOR LARGO DEL DEDO A NIVEL DEL PIE Y DEL TOBILLO"
"S961","TRAUMATISMO DEL TENDON Y MUSCULO DEL EXTENSOR LARGO DEL (DE LOS) DEDO(S) A NIVEL DEL PIE Y DEL TOBILLO"
"S962","TRAUMATISMO DE TENDONES Y MUSCULOS INTRINSECOS A NIVEL DEL PIE Y DEL TOBILLO"
"S967","TRAUMATISMO DE MULTIPLES TENDONES Y MUSCULOS A NIVEL DEL PIE Y DEL TOBILLO"
"S968","TRAUMATISMO DE OTROS TENDONES Y MUSCULOS A NIVEL DEL PIE Y DEL TOBILLO"
"S969","TRAUMATISMO DE TENDONES Y MUSCULOS NO ESPECIFICADOS A NIVEL DEL PIE Y DEL TOBILLO"
"S970","TRAUMATISMO POR APLASTAMIENTO DEL TOBILLO"
"S971","TRAUMATISMO POR APLASTAMIENTO DE DEDO(S) DEL PIE"
"S978","TRAUMATISMO POR APLASTAMIENTO DE OTRAS PARTES DEL PIE Y DEL TOBILLO"
"S980","AMPUTACION TRAUMATICA DEL PIE A NIVEL DEL TOBILLO"
"S981","AMPUTACION TRAUMATICA DE UN DEDO DEL PIE"
"S982","AMPUTACION TRAUMATICA DE DOS A MAS DEDOS DEL PIE"
"S983","AMPUTACION TRAUMATICA DE OTRAS PARTES DEL PIE"
"S984","AMPUTACION DEL PIE, NIVEL NO ESPECIFICADO"
"S997","OTROS TRAUMATISMOS MULTIPLES DEL PIE Y DEL TOBILLO"
"S998","OTROS TRAUMATISMOS DEL PIE Y DEL TOBILLO, ESPECIFICADOS"
"S999","TRAUMATISMO DEL PIE Y DEL TOBILLO, NO ESPECIFICADO"
"T000","TRAUMATISMOS SUPERFICIALES QUE AFECTAN LA CABEZA CON EL CUELLO"
"T001","TRAUMATISMOS SUPERFICIALES QUE AFECTAN EL TORAX CON EL ABDOMEN, LA REGION LUMBOSACRA Y LA PELVIS"
"T002","TRAUMATISMOS SUPERFICIALES QUE AFECTAN MULTIPLES REGIONES DEL(OS) MIEMBRO(S) SUPERIOR(ES)"
"T003","TRAUMATISMOS SUPERFICIALES QUE AFECTAN MULTIPLES REGIONES DEL(DE LOS) MIEMBRO(S) INFERIOR(ES)"
"T006","TRAUMATISMOS SUPERFICIALES QUE AFECTAN MULTIPLES REGIONES DEL (DE LOS) MIEMBRO(S) SUPERIOR(ES) CON MIEMBRO(S) INFERIOR(ES)"
"T008","TRAUMATISMOS SUPERFICIALES QUE AFECTAN OTRAS COMBINACIONES DE REGIONES DEL CUERPO"
"T009","TRAUMATISMOS SUPERFICIALES MULTIPLES, NO ESPECIFICADOS"
"T010","HERIDAS QUE AFECTAN LA CABEZA CON EL CUELLO"
"T011","HERIDAS QUE AFECTAN EL TORAX CON EL ABDOMEN, LA REGION LUMBOSACRA Y LA PELVIS"
"T012","HERIDAS QUE AFECTAN MULTIPLES REGIONES DEL (DE LOS) MIEMBRO(S) SUPERIOR(ES)"
"T013","HERIDAS QUE AFECTAN MULTIPLES REGIONES DEL (DE LOS) MIEMBRO(S) INFERIOR(ES)"
"T016","HERIDAS QUE AFECTAN MULTIPLES REGIONES DEL (DE LOS) MIEMBRO(S) SUPERIOR(ES) CON MIEMBRO(S) INFERIOR(ES)"
"T018","HERIDAS QUE AFECTAN OTRAS COMBINACIONES DE LAS REGIONES DEL CUERPO"
"T019","HERIDAS MULTIPLES, NO ESPECIFICADAS"
"T020","FRACTURAS QUE AFECTAN LA CABEZA CON EL CUELLO"
"T021","FRACTURAS QUE AFECTAN EL TORAX CON LA REGION LUMBOSACRA Y LA PELVIS"
"T022","FRACTURAS QUE AFECTAN MULTIPLES REGIONES DE UN MIEMBRO SUPERIOR"
"T023","FRACTURAS QUE AFECTAN MULTIPLES REGIONES DE UN MIEMBRO INFERIOR"
"T024","FRACTURAS QUE AFECTAN MULTIPLES REGIONES DE AMBOS MIEMBROS SUPERIORES"
"T025","FRACTURAS QUE AFECTAN MULTIPLES REGIONES DE AMBOS MIEMBROS INFERIORES"
"T026","FRACTURAS QUE AFECTAN MULTIPLES REGIONES DE MIEMBRO(S) SUPERIOR(ES) CON MIEMBRO(S) INFERIOR(ES)"
"T027","FRACTURAS QUE AFECTAN EL TORAX CON LA REGION LUMBOSACRA Y LA PELVIS CON MIEMBRO(S)"
"T028","FRACTURAS QUE AFECTAN OTRAS COMBINACIONES DE LAS REGIONES DEL CUERPO"
"T029","FRACTURAS MULTIPLES, NO ESPECIFICADAS"
"T030","LUXACIONES, TORCEDURAS Y ESGUINCES QUE AFECTAN LA CABEZA CON EL CUELLO"
"T031","LUXACIONES, TORCEDURAS Y ESGUINCES QUE AFECTAN EL TORAX CON LA REGION LUMBOSACRA Y LA PELVIS"
"T032","LUXACIONES, TORCEDURAS Y ESGUINCES QUE AFECTAN MULTIPLES REGIONES DEL (DE LOS) MIEMBROS(S) SUPERIOR(ES)"
"T033","LUXACIONES, TORCEDURAS Y ESGUINCES QUE AFECTAN MULTIPLES REGIONES DEL (DE LOS) MIEMBRO(S) INFERIOR(ES)"
"T034","LUXACIONES, TORCEDURAS ESGUINCES QUE AFECTAN MULTIPLES REGIONES DEL (DE LOS) MIEMBRO(S) SUPERIOR(ES) CON MIEMBRO(S) INFERIOR(ES)"
"T038","LUXACIONES, TORCEDURAS Y ESGUINCES QUE AFECTAN OTRAS COMBINACIONES DE REGIONES DEL CUERPO"
"T039","LUXACIONES, TORCEDURAS Y ESGUINCES MULTIPLES, NO ESPECIFICADOS"
"T040","TRAUMATISMOS POR APLASTAMIENTO QUE AFECTAN LA CABEZA CON EL CUELLO"
"T041","TRAUMATISMOS POR APLASTAMIENTO QUE AFECTAN EL TORAX CON EL ABDOMEN, LA REGION LUMBOSACRA Y LA PELVIS"
"T042","TRAUMATISMOS POR APLASTAMIENTO QUE AFECTAN MULTIPLES REGIONES DEL (DE LOS) MIEMBRO(S) SUPERIOR(ES)"
"T043","TRAUMATISMOS POR APLASTAMIENTO QUE AFECTAN MULTIPLES REGIONES DEL (DE LOS) MIEMBRO(S) INFERIOR(ES)"
"T044","TRAUMATISMOS POR APLASTAMIENTO QUE AFECTA MULTIPLES REGIONES DEL (DE LOS) MIEMBRO(S) SUPERIOR(ES) CON MIEMBRO(S) INFERIOR(ES)"
"T047","TRAUMATISMOS POR APLASTAMIENTO DEL TORAX, DEL ABDOMEN, DE LA REGION LUMBOSACRA Y DE LA PELVIS CON MIEMBRO(S)"
"T048","TRAUMATISMOS POR APLASTAMIENTO QUE AFECTAN OTRAS COMBINACIONES DE REGIONES DEL CUERPO"
"T049","TRAUMATISMOS POR APLASTAMIENTO MULTIPLE, NO ESPECIFICADOS"
"T050","AMPUTACION TRAUMATICA DE AMBAS MANOS"
"T051","AMPUTACION TRAUMATICA DE UNA MANO Y EL OTRO BRAZO [CUALQUIER NIVEL, EXCEPTO MANO]"
"T052","AMPUTACION TRAUMATICA DE AMBOS BRAZOS [CUALQUIER NIVEL]"
"T053","AMPUTACION TRAUMATICA DE AMBOS PIES"
"T054","AMPUTACION TRAUMATICA DE UN PIE Y LA OTRA PIERNA [CUALQUIER NIVEL, EXCEPTO PIE]"
"T055","AMPUTACION TRAUMATICA DE AMBAS PIERNAS [CUALQUIER NIVEL]"
"T056","AMPUTACION TRAUMATICA DE MIEMBROS SUPERIOR(ES) E INFERIOR(ES), CUALQUIER COMBINACION [CUALQUIER NIVEL]"
"T058","AMPUTACION TRAUMATICA QUE AFECTA OTRAS COMBINACIONES DE REGIONES DEL CUERPO"
"T059","AMPUTACIONES TRAUMATICAS MULTIPLES, NO ESPECIFICADAS"
"T060","TRAUMATISMOS DEL ENCEFALO Y DE NERVIOS CRANEALES CON TRAUMATISMO DE NERVIOS Y MEDULA ESPINAL A NIVEL DEL CUELLO"
"T061","TRAUMATISMOS DE NERVIOS Y MEDULA ESPINAL QUE AFECTAN OTRAS MULTIPLES REGIONES DEL CUERPO"
"T062","TRAUMATISMOS DE NERVIOS QUE AFECTAN MULTIPLES REGIONES DEL CUERPO"
"T063","TRAUMATISMOS DE VASOS SANGUINEOS QUE AFECTAN MULTIPLES REGIONES DEL CUERPO"
"T064","TRAUMATISMOS DE TENDONES Y MUSCULOS QUE AFECTAN MULTIPLES REGIONES DEL CUERPO"
"T065","TRAUMATISMOS DE ORGANOS INTRATORACICOS CON ORGANOS INTRAABDOMINALES Y PELVICOS"
"T068","OTROS TRAUMATISMOS ESPECIFICADOS QUE AFECTAN MULTIPLES REGIONES DEL CUERPO"
"T07X","TRAUMATISMOS MULTIPLES, NO ESPECIFICADOS"
"T08X","FRACTURA DE LA COLUMNA VERTEBRAL, NIVEL NO ESPECIFICADO"
"T090","TRAUMATISMO SUPERFICIAL DEL TRONCO, NIVEL NO ESPECIFICADO"
"T091","HERIDA DEL TRONCO, NIVEL NO ESPECIFICADO"
"T092","LUXACION, ESGUINCE O TORCEDURA DE ARTICULACION Y LIGAMENTOS DEL TRONCO, NO ESPECIFICADO"
"T093","TRAUMATISMO DE LA MEDULA ESPINAL, NIVEL NO ESPECIFICADO"
"T094","TRAUMATISMO DE NERVIOS, RAIZ DE NERVIO ESPINAL Y PLEXOS DEL TRONCO NO ESPECIFICADOS"
"T095","TRAUMATISMO DE TENDONES Y MUSCULOS DEL TRONCO NO ESPECIFICADOS"
"T096","AMPUTACION TRAUMATICA DEL TRONCO, NIVEL NO ESPECIFICADO"
"T098","OTROS TRAUMATISMOS ESPECIFICADOS DEL TRONCO, NIVEL NO ESPECIFICADO"
"T099","TRAUMATISMO NO ESPECIFICADO DEL TRONCO, NIVEL NO ESPECIFICADO"
"T10X","FRACTURA DE MIEMBRO SUPERIOR, NIVEL NO ESPECIFICADO"
"T110","TRAUMATISMO SUPERFICIAL DE MIEMBRO SUPERIOR, NIVEL NO ESPECIFICADO"
"T111","HERIDA DE MIEMBRO SUPERIOR, NIVEL NO ESPECIFICADO"
"T112","LUXACION, ESGUINCE O TORCEDURA DE ARTICULACION O LIGAMENTO NO ESPECIFICADO DE MIEMBRO SUPERIOR, NIVEL NO ESPECIFICADO"
"T113","TRAUMATISMO DE NERVIO NO ESPECIFICADO DE MIEMBRO SUPERIOR, NIVEL NO ESPECIFICADO"
"T114","TRAUMATISMO DE VASOS SANGUINEOS NO ESPECIFICADOS DE MIEMBRO SUPERIOR, NIVEL NO ESPECIFICADO"
"T115","TRAUMATISMO DE TENDON Y MUSCULO NO ESPECIFICADOS DE MIEMBRO SUPERIOR, NIVEL NO ESPECIFICADO"
"T116","AMPUTACION TRAUMATICA DE MIEMBRO SUPERIOR, NIVEL NO ESPECIFICADO"
"T118","OTROS TRAUMATISMOS ESPECIFICADOS DE MIEMBRO SUPERIOR, NIVEL NO ESPECIFICADO"
"T119","TRAUMATISMO NO ESPECIFICADO DE MIEMBRO SUPERIOR, NIVEL NO ESPECIFICADO"
"T12X","FRACTURA DE MIEMBRO INFERIOR, NIVEL NO ESPECIFICADO"
"T130","TRAUMATISMO SUPERFICIAL DE MIEMBRO INFERIOR, NIVEL NO ESPECIFICADO"
"T131","HERIDA DE MIEMBRO INFERIOR, NIVEL NO ESPECIFICADO"
"T132","LUXACION, ESGUINCE O TORCEDURA DE ARTICULACION Y LIGAMENTOS NO ESPECIFICADOS DE MIEMBRO INFERIOR, NIVEL NO ESPECIFICADO"
"T133","TRAUMATISMO DE NERVIOS NO ESPECIFICADOS DE MIEMBRO INFERIOR, NIVEL NO ESPECIFICADO"
"T134","TRAUMATISMO DE VASOS SANGUINEOS NO ESPECIFICADOS DE MIEMBRO INFERIOR, NIVEL NO ESPECIFICADO"
"T135","TRAUMATISMO DE TENDONES Y MUSCULOS NO ESPECIFICADOS DE MIEMBRO INFERIOR, NIVEL NO ESPECIFICADO"
"T136","AMPUTACION TRAUMATICA DE MIEMBRO INFERIOR, NIVEL NO ESPECIFICADO"
"T138","OTROS TRAUMATISMOS ESPECIFICADOS DE MIEMBRO INFERIOR, NIVEL NO ESPECIFICADO"
"T139","TRAUMATISMO NO ESPECIFICADO DE MIEMBRO INFERIOR, NIVEL NO ESPECIFICADO"
"T140","TRAUMATISMO SUPERFICIAL DE REGION NO ESPECIFICADA DEL CUERPO"
"T141","HERIDA DE REGION NO ESPECIFICADA DEL CUERPO"
"T142","FRACTURA DE REGION NO ESPECIFICADA DEL CUERPO"
"T143","LUXACION, ESGUINCE Y TORCEDURA DE REGION NO ESPECIFICADA DEL CUERPO"
"T144","TRAUMATISMO DE NERVIO(S) DE REGION NO ESPECIFICADA DEL CUERPO"
"T145","TRAUMATISMO DE VASO(S) SANGUINEO(S) DE REGION NO ESPECIFICADA DEL CUERPO"
"T146","TRAUMATISMO DE TENDONES Y MUSCULOS DE REGION NO ESPECIFICADA DEL CUERPO"
"T147","TRAUMATISMO POR APLASTAMIENTO Y AMPUTACION TRAUMATICA DE REGIONES NO ESPECIFICADAS DEL CUERPO"
"T148","OTROS TRAUMATISMOS DE REGION NO ESPECIFICADA DEL CUERPO"
"T149","TRAUMATISMO, NO ESPECIFICADO"
"T150","CUERPO EXTRAÑO EN LA CORNEA"
"T151","CUERPO EXTRAÑO EN EL SACO CONJUNTIVAL"
"T158","CUERPO EXTRAÑO EN OTRAS Y EN MULTIPLES PARTES DE LA PARTE EXTERNA DEL OJO"
"T159","CUERPO EXTRAÑO EN PARTE EXTERNA DEL OJO, SITIO NO ESPECIFICADO"
"T16X","CUERPO EXTRAÑO DEL OIDO"
"T170","CUERPO EXTRAÑO EN SENO PARANASAL"
"T171","CUERPO EXTRAÑO EN EL ORIFICIO NASAL"
"T172","CUERPO EXTRAÑO EN LA FARINGE"
"T173","CUERPO EXTRAÑO EN LA LARINGE"
"T174","CUERPO EXTRAÑO EN LA TRAQUEA"
"T175","CUERPO EXTRAÑO EN BRONQUIOS"
"T178","CUERPO EXTRAÑO EN OTRAS Y EN MULTIPLES PARTES DE LAS VIAS RESPIRATORIAS"
"T179","CUERPO EXTRAÑO EN LAS VIAS RESPIRATORIAS, PARTE NO ESPECIFICADA"
"T180","CUERPO EXTRAÑO EN LA BOCA"
"T181","CUERPO EXTRAÑO EN EL ESOFAGO"
"T182","CUERPO EXTRAÑO EN EL ESTOMAGO"
"T183","CUERPO EXTRAÑO EN EL INTESTINO DELGADO"
"T184","CUERPO EXTRAÑO EN EL COLON"
"T185","CUERPO EXTRAÑO EN EL ANO Y EN EL RECTO"
"T188","CUERPO EXTRAÑO EN OTRAS Y EN MULTIPLES PARTES DEL TUBO DIGESTIVO"
"T189","CUERPO EXTRAÑO EN EL TUBO DIGESTIVO, PARTE NO ESPECIFICADA"
"T190","CUERPO EXTRAÑO EN LA URETRA"
"T191","CUERPO EXTRAÑO EN LA VEJIGA"
"T192","CUERPO EXTRAÑO EN LA VULVA Y EN LA VAGINA"
"T193","CUERPO EXTRAÑO EN EL UTERO [CUALQUIER PARTE]"
"T198","CUERPO EXTRAÑO EN OTRAS Y EN MULTIPLES PARTES DE LAS VIAS GENITOURINARIAS"
"T199","CUERPO EXTRAÑO EN LAS VIAS GENITOURINARIAS, PARTE NO ESPECIFICADA"
"T200","QUEMADURA DE LA CABEZA Y DEL CUELLO, GRADO NO ESPECIFICADO"
"T201","QUEMADURA DE LA CABEZA Y DEL CUELLO, DE PRIMER GRADO"
"T202","QUEMADURA DE LA CABEZA Y DEL CUELLO, DE SEGUNDO GRADO"
"T203","QUEMADURA DE LA CABEZA Y DEL CUELLO, DE TERCER GRADO"
"T204","CORROSION DE LA CABEZA Y DEL CUELLO, GRADO NO ESPECIFICADO"
"T205","CORROSION DE LA CABEZA Y DEL CUELLO, DE PRIMER GRADO"
"T206","CORROSION DE LA CABEZA Y DEL CUELLO, DE SEGUNDO GRADO"
"T207","CORROSION DE LA CABEZA Y DEL CUELLO, DE TERCER GRADO"
"T210","QUEMADURA DEL TRONCO, GRADO NO ESPECIFICADO"
"T211","QUEMADURA DEL TRONCO, DE PRIMER GRADO"
"T212","QUEMADURA DEL TRONCO, DE SEGUNDO GRADO"
"T213","QUEMADURA DEL TRONCO, DE TERCER GRADO"
"T214","CORROSION DEL TRONCO, GRADO NO ESPECIFICADO"
"T215","CORROSION DEL TRONCO, DE PRIMER GRADO"
"T216","CORROSION DEL TRONCO, DE SEGUNDO GRADO"
"T217","CORROSION DEL TRONCO, DE TERCER GRADO"
"T220","QUEMADURA DEL HOMBRO Y MIEMBRO SUPERIOR, GRADO NO ESPECIFICADO, EXCEPTO DE LA MUÑECA Y DE LA MANO"
"T221","QUEMADURA DEL HOMBRO Y MIEMBRO SUPERIOR, DE PRIMER GRADO, EXCEPTO DE LA MUÑECA Y DE LA MANO"
"T222","QUEMADURA DEL HOMBRO Y MIEMBRO SUPERIOR, DE SEGUNDO GRADO, EXCEPTO DE LA MUÑECA Y DE LA MANO"
"T223","QUEMADURA DEL HOMBRO Y MIEMBRO SUPERIOR, DE TERCER GRADO, EXCEPTO DE LA MUÑECA Y DE LA MANO"
"T224","CORROSION DEL HOMBRO Y MIEMBRO SUPERIOR, GRADO NO ESPECIFICADO, EXCEPTO DE LA MUÑECA Y DE LA MANO"
"T225","CORROSION DEL HOMBRO Y MIEMBRO SUPERIOR, DE PRIMER GRADO, EXCEPTO DE LA MUÑECA Y DE LA MANO"
"T226","CORROSION DEL HOMBRO Y MIEMBRO SUPERIOR, DE SEGUNDO GRADO, EXCEPTO DE LA MUÑECA Y DE LA MANO"
"T227","CORROSION DEL HOMBRO Y MIEMBRO SUPERIOR, DE TERCER GRADO, EXCEPTO DE LA MUÑECA Y DE LA MANO"
"T230","QUEMADURA DE LA MUÑECA Y DE LA MANO, GRADO NO ESPECIFICADO"
"T231","QUEMADURA DE LA MUÑECA Y DE LA MANO, DE PRIMER GRADO"
"T232","QUEMADURA DE LA MUÑECA Y DE LA MANO, DE SEGUNDO GRADO"
"T233","QUEMADURA DE LA MUÑECA Y DE LA MANO, DE TERCER GRADO"
"T234","CORROSION DE LA MUÑECA Y DE LA MANO, GRADO NO ESPECIFICADO"
"T235","CORROSION DE LA MUÑECA Y DE LA MANO, DE PRIMER GRADO"
"T236","CORROSION DE LA MUÑECA Y DE LA MANO, DE SEGUNDO GRADO"
"T237","CORROSION DE LA MUÑECA Y DE LA MANO, DE TERCER GRADO"
"T240","QUEMADURA DE LA CADERA Y MIEMBRO INFERIOR, GRADO NO ESPECIFICADO, EXCEPTO TOBILLO Y PIE"
"T241","QUEMADURA DE LA CADERA Y MIEMBRO INFERIOR, DE PRIMER GRADO, EXCEPTO TOBILLO Y PIE"
"T242","QUEMADURA DE LA CADERA Y MIEMBRO INFERIOR, DE SEGUNDO GRADO , EXCEPTO TOBILLO Y PIE"
"T243","QUEMADURA DE LA CADERA Y MIEMBRO INFERIOR, DE TERCER GRADO, EXCEPTO TOBILLO Y PIE"
"T244","CORROSION DE LA CADERA Y MIEMBRO INFERIOR, GRADO NO ESPECIFICADO, EXCEPTO TOBILLO Y PIE"
"T245","CORROSION DE LA CADERA Y MIEMBRO INFERIOR, DE PRIMER GRADO, EXCEPTO TOBILLO Y PIE"
"T246","CORROSION DE LA CADERA Y MIEMBRO INFERIOR, DE SEGUNDO GRADO, EXCEPTO TOBILLO Y PIE"
"T247","CORROSION DE LA CADERA Y MIEMBRO INFERIOR, DE TERCER GRADO, EXCEPTO TOBILLO Y PIE"
"T250","QUEMADURA DEL TOBILLO Y DEL PIE, GRADO NO ESPECIFICADO"
"T251","QUEMADURA DEL TOBILLO Y DEL PIE, DE PRIMER GRADO"
"T252","QUEMADURA DEL TOBILLO Y DEL PIE, DE SEGUNDO GRADO"
"T253","QUEMADURA DEL TOBILLO Y DEL PIE, DE TERCER GRADO"
"T254","CORROSION DEL TOBILLO Y DEL PIE, GRADO NO ESPECIFICADO"
"T255","CORROSION DEL TOBILLO Y DEL PIE, DE PRIMER GRADO"
"T256","CORROSION DEL TOBILLO Y DEL PIE, DE SEGUNDO GRADO"
"T257","CORROSION DEL TOBILLO Y DEL PIE, DE TERCER GRADO"
"T260","QUEMADURA DEL PARPADO Y AREA PERIOCULAR"
"T261","QUEMADURA DE LA CORNEA Y SACO CONJUNTIVAL"
"T262","QUEMADURA CON RUPTURA Y DESTRUCCION RESULTANTES DEL GLOBO OCULAR"
"T263","QUEMADURA DE OTRAS PARTES DEL OJO Y SUS ANEXOS"
"T264","QUEMADURA DEL OJO Y ANEXOS, PARTE NO ESPECIFICADA"
"T265","CORROSION DEL PARPADO Y AREA PERIOCULAR"
"T266","CORROSION DE LA CORNEA Y SACO CONJUNTIVAL"
"T267","CORROSION CON RUPTURA Y DESTRUCCION RESULTANTES DEL GLOBO OCULAR"
"T268","CORROSION DE OTRAS PARTES DEL OJO Y SUS ANEXOS"
"T269","CORROSION DEL OJO Y SUS ANEXOS, PARTE NO ESPECIFICADA"
"T270","QUEMADURA DE LA LARINGE Y DE LA TRAQUEA"
"T271","QUEMADURA QUE AFECTA LA LARINGE Y LA TRAQUEA CON EL PULMON"
"T272","QUEMADURA DE OTRAS PARTES DE LAS VIAS RESPIRATORIAS"
"T273","QUEMADURA DE LAS VIAS RESPIRATORIAS, PARTE NO ESPECIFICADA"
"T274","CORROSION DE LA LARINGE Y DE LA TRAQUEA"
"T275","CORROSION QUE AFECTA LA LARINGE Y LA TRAQUEA CON EL PULMON"
"T276","CORROSION DE OTRAS PARTES DE LAS VIAS RESPIRATORIAS"
"T277","CORROSION DE LAS VIAS RESPIRATORIAS, PARTE NO ESPECIFICADA"
"T280","QUEMADURA DE LA BOCA Y DE LA FARINGE"
"T281","QUEMADURA DEL ESOFAGO"
"T282","QUEMADURA DE OTRAS PARTES DEL TUBO DIGESTIVO"
"T283","QUEMADURA DE ORGANOS GENITOURINARIOS INTERNOS"
"T284","QUEMADURA DE OTROS ORGANOS INTERNOS Y DE LOS NO ESPECIFICADOS"
"T285","CORROSION DE LA BOCA Y DE LA FARINGE"
"T286","CORROSION DEL ESOFAGO"
"T287","CORROSION DE OTRAS PARTES DEL TUBO DIGESTIVO"
"T288","CORROSION DE ORGANOS GENITOURINARIOS INTERNOS"
"T289","CORROSION DE OTROS ORGANOS INTERNOS Y DE LOS NO ESPECIFICADOS"
"T290","QUEMADURAS DE MULTIPLES REGIONES, GRADO NO ESPECIFICADO"
"T291","QUEMADURAS DE MULTIPLES REGIONES, MENCIONADAS COMO DE NO MAS DE PRIMER GRADO"
"T292","QUEMADURAS DE MULTIPLES REGIONES, MENCIONADAS COMO DE NO MAS DE SEGUNDO GRADO"
"T293","QUEMADURAS MULTIPLES, CON MENCION AL MENOS DE UNA QUEMADURA DE TERCER GRADO"
"T294","CORROSIONES DE MULTIPLES REGIONES, GRADO NO ESPECIFICADO"
"T295","CORROSIONES MULTIPLES, MENCIONADAS COMO DE NO MAS DE PRIMER GRADO"
"T296","CORROSIONES MULTIPLES, MENCIONADAS COMO DE NO MAS DE SEGUNDO GRADO"
"T297","CORROSIONES MULTIPLES, CON MENCION AL MENOS DE UNA CORROSION DE TERCER GRADO"
"T300","QUEMADURA DE REGION DEL CUERPO Y GRADO NO ESPECIFICADOS"
"T301","QUEMADURA DE PRIMER GRADO, REGION DEL CUERPO NO ESPECIFICADA"
"T302","QUEMADURA DE SEGUNDO GRADO, REGION DEL CUERPO NO ESPECIFICADA"
"T303","QUEMADURA DE TERCER GRADO, REGION DEL CUERPO NO ESPECIFICADA"
"T304","CORROSION DE REGION DEL CUERPO Y GRADO NO ESPECIFICADOS"
"T305","CORROSION DE PRIMER GRADO, REGION DEL CUERPO NO ESPECIFICADA"
"T306","CORROSION DE SEGUNDO GRADO, REGION DEL CUERPO NO ESPECIFICADA"
"T307","CORROSION DE TERCER GRADO, REGION DEL CUERPO NO ESPECIFICADA"
"T310","QUEMADURAS QUE AFECTAN MENOS DEL 10% DE LA SUPERFICIE DEL CUERPO"
"T311","QUEMADURAS QUE AFECTAN DEL 10 AL 19% DE LA SUPERFICIE DEL CUERPO"
"T312","QUEMADURAS QUE AFECTAN DEL 20 AL 29% DE LA SUPERFICIE DEL CUERPO"
"T313","QUEMADURAS QUE AFECTAN DEL 30 AL 39% DE LA SUPERFICIE DEL CUERPO"
"T314","QUEMADURAS QUE AFECTAN DEL 40 AL 49% DE LA SUPERFICIE DEL CUERPO"
"T315","QUEMADURAS QUE AFECTAN DEL 50 AL 59% DE LA SUPERFICIE DEL CUERPO"
"T316","QUEMADURAS QUE AFECTAN DEL 60 AL 69% DE LA SUPERFICIE DEL CUERPO"
"T317","QUEMADURAS QUE AFECTAN DEL 70 AL 79% DE LA SUPERFICIE DEL CUERPO"
"T318","QUEMADURAS QUE AFECTAN DEL 80 AL 89% DE LA SUPERFICIE DEL CUERPO"
"T319","QUEMADURAS QUE AFECTAN EL 90% O MAS DE LA SUPERFICIE DEL CUERPO"
"T320","CORROSIONES QUE AFECTAN MENOS DEL 10% DE LA SUPERFICIE DEL CUERPO"
"T321","CORROSIONES QUE AFECTAN DEL 10 AL 19% DE LA SUPERFICIE DEL CUERPO"
"T322","CORROSIONES QUE AFECTAN DEL 20 AL 29% DE LA SUPERFICIE DEL CUERPO"
"T323","CORROSIONES QUE AFECTAN DEL 30 AL 39% DE LA SUPERFICIE DEL CUERPO"
"T324","CORROSIONES QUE AFECTAN DEL 40 AL 49% DE LA SUPERFICIE DEL CUERPO"
"T325","CORROSIONES QUE AFECTAN DEL 50 AL 59% DE LA SUPERFICIE DEL CUERPO"
"T326","CORROSIONES QUE AFECTAN DEL 60 AL 69% DE LA SUPERFICIE DEL CUERPO"
"T327","CORROSIONES QUE AFECTAN DEL 70 AL 79% DE LA SUPERFICIE DEL CUERPO"
"T328","CORROSIONES QUE AFECTAN DEL 80 AL 89% DE LA SUPERFICIE DEL CUERPO"
"T329","CORROSIONES QUE AFECTAN EL 90% O MAS DE LA SUPERFICIE DEL CUERPO"
"T330","CONGELAMIENTO SUPERFICIAL DE LA CABEZA"
"T331","CONGELAMIENTO SUPERFICIAL DEL CUELLO"
"T332","CONGELAMIENTO SUPERFICIAL DEL TORAX"
"T333","CONGELAMIENTO SUPERFICIAL DE LA PARED ABDOMINAL, REGION LUMBOSACRA Y PELVIS"
"T334","CONGELAMIENTO SUPERFICIAL DEL BRAZO"
"T335","CONGELAMIENTO SUPERFICIAL DE LA MUÑECA Y DE LA MANO"
"T336","CONGELAMIENTO SUPERFICIAL DE LA CADERA Y DEL MUSLO"
"T337","CONGELAMIENTO SUPERFICIAL DE LA RODILLA Y DE LA PIERNA"
"T338","CONGELAMIENTO SUPERFICIAL DEL TOBILLO Y DEL PIE"
"T339","CONGELAMIENTO SUPERFICIAL DE OTROS SITIOS Y DE LOS NO ESPECIFICADOS"
"T340","CONGELAMIENTO CON NECROSIS TISULAR DE LA CABEZA"
"T341","CONGELAMIENTO CON NECROSIS TISULAR DEL CUELLO"
"T342","CONGELAMIENTO CON NECROSIS TISULAR DEL TORAX"
"T343","CONGELAMIENTO CON NECROSIS TISULAR DE LA PARED ABDOMINAL, REGION LUMBOSACRA Y PELVIS"
"T344","CONGELAMIENTO CON NECROSIS TISULAR DEL BRAZO"
"T345","CONGELAMIENTO CON NECROSIS TISULAR DE LA MUÑECA Y DE LA MANO"
"T346","CONGELAMIENTO CON NECROSIS TISULAR DE LA CADERA Y DEL MUSLO"
"T347","CONGELAMIENTO CON NECROSIS TISULAR DE LA RODILLA Y DE LA PIERNA"
"T348","CONGELAMIENTO CON NECROSIS TISULAR DEL TOBILLO Y DEL PIE"
"T349","CONGELAMIENTO CON NECROSIS TISULAR DE OTROS SITIOS Y DE LOS NO ESPECIFICADOS"
"T350","CONGELAMIENTO SUPERFICIAL QUE AFECTA MULTIPLES REGIONES DEL CUERPO"
"T351","CONGELAMIENTO CON NECROSIS TISULAR QUE AFECTA MULTIPLES REGIONES DEL CUERPO"
"T352","CONGELAMIENTO NO ESPECIFICADO DE LA CABEZA Y DEL CUELLO"
"T353","CONGELAMIENTO NO ESPECIFICADO DEL TORAX, DEL ABDOMEN, DE LA REGION LUMBOSACRA Y DE LA PELVIS"
"T354","CONGELAMIENTO NO ESPECIFICADO DEL MIEMBRO SUPERIOR"
"T355","CONGELAMIENTO NO ESPECIFICADO DEL MIEMBRO INFERIOR"
"T356","CONGELAMIENTO NO ESPECIFICADO QUE AFECTA MULTIPLES REGIONES DEL CUERPO"
"T357","CONGELAMIENTO NO ESPECIFICADO, DE SITIO NO ESPECIFICADO"
"T360","ENVENENAMIENTO POR PENICILINAS"
"T361","ENVENENAMIENTO POR CEFALOSPORINAS Y OTROS ANTIBIOTICOS BETA-LACTAMICOS"
"T362","ENVENENAMIENTO POR ANTIBIOTICOS DEL GRUPO DEL CLORAMFENICOL"
"T363","ENVENENAMIENTO POR MACROLIDOS"
"T364","ENVENENAMIENTO POR TETRACICLINAS"
"T365","ENVENENAMIENTO POR AMINOGLUCOSIDOS"
"T366","ENVENENAMIENTO POR RIFAMICINAS"
"T367","ENVENENAMIENTO POR ANTIBIOTICOS ANTIMICOTICOS USADOS SISTEMICAMENTE"
"T368","ENVENENAMIENTO POR OTROS ANTIBIOTICOS SISTEMICOS"
"T369","ENVENENAMIENTO POR ANTIBIOTICOS SISTEMICOS, NO ESPECIFICADOS"
"T370","ENVENENAMIENTO POR SULFONAMIDAS"
"T371","ENVENENAMIENTO POR DROGAS ANTIMICOBACTERIANAS"
"T372","ENVENENAMIENTO POR ANTIPALUDICOS Y DROGAS DE ACCION CONTRA OTROS PROTOZOARIOS SANGUINEOS"
"T373","ENVENENAMIENTO POR OTRAS DROGAS ANTIPROTOZOARIAS"
"T374","ENVENENAMIENTO POR ANTIHELMINTICOS"
"T375","ENVENENAMIENTO POR DROGAS ANTIVIRALES"
"T378","ENVENENAMIENTO POR OTROS ANTIINFECCIOSOS Y ANTIPARASITARIOS SISTEMICOS ESPECIFICADOS"
"T379","ENVENENAMIENTO POR ANTIINFECCIOSOS Y ANTIPARASITARIOS SISTEMICOS, NO ESPECIFICADOS"
"T380","ENVENENAMIENTO POR GLUCOCORTICOIDES Y ANALOGOS SINTETICOS"
"T381","ENVENENAMIENTO POR HORMONAS TIROIDEAS Y SUSTITUTOS"
"T382","ENVENENAMIENTO POR DROGAS ANTITIROIDEAS"
"T383","ENVENENAMIENTO POR INSULINA Y DROGAS HIPOGLUCEMIANTES ORALES [ANTIDIABETICAS]"
"T384","ENVENENAMIENTO POR ANTICONCEPTIVOS ORALES"
"T385","ENVENENAMIENTO POR OTROS ESTROGENOS Y PROGESTOGENOS"
"T386","ENVENENAMIENTO POR ANTIGONADOTROFINAS, ANTIESTROGENOS Y ANTIANDROGENOS, NO CLASIFICADOS EN OTRA PARTE"
"T387","ENVENENAMIENTO POR ANDROGENOS Y SUS CONGENERES ANABOLICOS"
"T388","ENVENENAMIENTO POR OTRAS HORMONAS Y SUSTITUTOS SINTETICOS Y LOS NO ESPECIFICADOS"
"T389","ENVENENAMIENTO POR OTROS ANTAGONISTAS DE LAS HORMONAS Y LOS NO ESPECIFICADOS"
"T390","ENVENENAMIENTO POR SALICILATOS"
"T391","ENVENENAMIENTO POR DERIVADOS DEL PARAAMINOFENOL"
"T392","ENVENENAMIENTO POR DERIVADOS DE LA PIRAZOLONA"
"T393","ENVENENAMIENTO POR OTRAS DROGAS ANTIIFLAMATORIAS NO ESTEROIDEAS [DAINE]"
"T394","ENVENENAMIENTO POR ANTIRREUMATICOS, NO CLASIFICADOS EN OTRA PARTE"
"T398","ENVENENAMIENTO POR OTROS ANALGESICOS NO NARCOTICOS Y ANTIPIRETICOS, NO CLASIFICADOS EN OTRA PARTE"
"T399","ENVENENAMIENTO POR ANALGESICOS NO NARCOTICOS, ANTIPIRETICOS Y ANTIRREUMATICOS, NO ESPECIFICADOS"
"T400","ENVENENAMIENTO POR OPIO"
"T401","ENVENENAMIENTO POR HEROINA"
"T402","ENVENENAMIENTO POR OTROS OPIACEOS"
"T403","ENVENENAMIENTO POR METADONA"
"T404","ENVENENAMIENTO POR OTROS NARCOTICOS SINTETICOS"
"T405","ENVENENAMIENTO POR COCAINA"
"T406","ENVENENAMIENTO POR OTROS NARCOTICOS Y LOS NO ESPECIFICADOS"
"T407","ENVENENAMIENTO POR CANNABIS (DERIVADOS)"
"T408","ENVENENAMIENTO POR ACIDO LISERGICO [LSD]"
"T409","ENVENENAMIENTO POR OTROS PSICODISLEPTICOS Y LOS NO ESPECIFICADOS [ALUCINOGENOS]"
"T410","ENVENENAMIENTO POR ANESTESICOS POR INHALACION"
"T411","ENVENENAMIENTO POR ANESTESICOS INTRAVENOSOS"
"T412","ENVENENAMIENTO POR OTROS ANESTESICOS GENERALES Y LOS NO ESPECIFICADOS"
"T413","ENVENENAMIENTO POR ANESTESICOS LOCALES"
"T414","ENVENENAMIENTO POR ANESTESICOS, NO ESPECIFICADOS"
"T415","ENVENENAMIENTO POR GASES TERAPEUTICOS"
"T420","ENVENENAMIENTO POR DERIVADOS DE LA HIDANTOINA"
"T421","ENVENENAMIENTO POR IMINOSTILBENOS"
"T422","ENVENENAMIENTO POR SUCCINAMIDAS Y DERIVADOS DE LA OXAZOLIDINA"
"T423","ENVENENAMIENTO POR BARBITURICOS"
"T424","ENVENENAMIENTO POR BENZODIAZEPINAS"
"T425","ENVENENAMIENTO POR ANTIEPILEPTICOS MIXTOS, NO CLASIFICADOS EN OTRA PARTE"
"T426","ENVENENAMIENTO POR OTROS ANTIEPILEPTICOS Y DROGAS HIPNOTICO-SEDANTES"
"T427","ENVENENAMIENTO POR ANTIEPILEPTICOS Y DROGAS HIPNOTICO-SEDANTES, NO ESPECIFICADOS"
"T428","ENVENENAMIENTO POR DROGAS ANTIPARKINSONIANAS Y OTROS DEPRESORES DEL TONO MUSCULAR CENTRAL"
"T430","ENVENENAMIENTO POR ANTIDEPRESIVOS TRICICLICOS Y TETRACICLICOS"
"T431","ENVENENAMIENTO POR ANTIDEPRESIVOS INHIBIDORES DE LA MONOAMINOXIDASA"
"T432","ENVENENAMIENTO POR OTROS ANTIDEPRESIVOS Y LOS NO ESPECIFICADOS"
"T433","ENVENENAMIENTO POR ANTIPSICOTICOS Y NEUROLEPTICOS FENOTIACINICOS"
"T434","ENVENENAMIENTO POR BUTIROFENONA Y NEUROLEPTICOS TIOXANTENICOS"
"T435","ENVENENAMIENTO POR OTROS ANTIPSICOTICOS Y NEUROLEPTICOS Y LOS NO ESPECIFICADOS"
"T436","ENVENENAMIENTO POR PSICOESTIMULANTES CON ABUSO POTENCIAL"
"T438","ENVENENAMIENTO POR OTRAS DROGAS PSICOTROPICAS, NO CLASIFICADAS EN OTRA PARTE"
"T439","ENVENENAMIENTO POR DROGA PSICOTROPICA, NO ESPECIFICADA"
"T440","ENVENENAMIENTO POR AGENTES ANTICOLINESTERASA"
"T441","ENVENENAMIENTO POR OTROS PARASIMPATICOMIMETICOS [COLINERGICOS]"
"T442","ENVENENAMIENTO POR DROGAS BLOQUEADORAS GANGLIONARES, NO CLASIFICADAS EN OTRA PARTE"
"T443","ENVENENAMIENTO POR OTROS PARASIMPATICOLITICOS [ANTICOLINERGICOS Y ANTIMUSCARINICOS] Y ESPASMOLITICOS, NO CLASIFICADOS EN OTRA PARTE"
"T444","ENVENENAMIENTO POR AGONISTAS, PREDOMINANTEMENTE ALFA-ADRENERGICOS, NO CLASIFICADOS EN OTRA PARTE"
"T445","ENVENENAMIENTO POR AGONISTAS, PREDOMINANTEMENTE BETA-ADRENERGICOS, NO CLASIFICADOS EN OTRA PARTE"
"T446","ENVENENAMIENTO POR ANTAGONISTAS ALFA-ADRENERGICOS, NO CLASIFICADOS EN OTRA PARTE"
"T447","ENVENENAMIENTO POR ANTAGONISTAS BETA-ADRENERGICOS, NO CLASIFICADOS EN OTRA PARTE"
"T448","ENVENENAMIENTO POR AGENTES DE ACCION CENTRAL Y BLOQUEADORES NEURONALES ADRENERGICOS, NO CLASIFICADOS EN OTRA PARTE"
"T449","ENVENENAMIENTO POR OTRAS DROGAS Y LAS NO ESPECIFICADAS QUE AFECTAN PRINCIPALMENTE EL SISTEMA NERVIOSO AUTONOMO"
"T450","ENVENENAMIENTO POR DROGAS ANTIALERGICAS Y ANTIEMETICAS"
"T451","ENVENENAMIENTO POR DROGAS ANTINEOPLASICAS E INMUNOSUPRESORAS"
"T452","ENVENENAMIENTO POR VITAMINAS, NO CLASIFICADAS EN OTRA PARTE"
"T453","ENVENENAMIENTO POR ENZIMAS, NO CLASIFICADAS EN OTRA PARTE"
"T454","ENVENENAMIENTO POR HIERRO Y SUS COMPUESTOS"
"T455","ENVENENAMIENTO POR ANTICOAGULANTES"
"T456","ENVENENAMIENTO POR DROGAS QUE AFECTAN LA FIBRINOLISIS"
"T457","ENVENENAMIENTO POR ANTAGONISTAS DE ANTICOAGULANTES, VITAMINA K Y OTROS COAGULANTES"
"T458","ENVENENAMIENTO POR OTROS AGENTES PRINCIPALMENTE SISTEMICOS Y HEMATOLOGICOS"
"T459","ENVENENAMIENTO POR AGENTES PRINCIPALMENTE SISTEMICOS Y HEMATOLOGICOS, NO ESPECIFICADOS"
"T460","ENVENENAMIENTO POR GLUCOSIDOS CARDIOTONICOS Y MEDICAMENTOS DE ACCION SIMILAR"
"T461","ENVENENAMIENTO POR BLOQUEADORES DEL CANAL DEL CALCIO"
"T462","ENVENENAMIENTO POR OTRAS DROGAS ANTIARRITMICAS, NO CLASIFICADAS EN OTRA PARTE"
"T463","ENVENENAMIENTO POR VASODILATADORES CORONARIOS, NO CLASIFICADOS EN OTRA PARTE"
"T464","ENVENENAMIENTO POR INHIBIDORES DE LA ENZIMA CONVERTIDORA DE LA ANGIOTENSINA"
"T465","ENVENENAMIENTO POR OTRAS DROGAS ANTIHIPERTENSIVAS, NO CLASIFICADAS EN OTRA PARTE"
"T466","ENVENENAMIENTO POR DROGAS ANTILIPEMICAS Y ANTIARTERIOSCLEROTICAS"
"T467","ENVENENAMIENTO POR VASODILATADORES PERIFERICOS"
"T468","ENVENENAMIENTO POR DROGAS ANTIVARICOSAS, INCLUSIVE AGENTES ESCLEROSANTES"
"T469","ENVENENAMIENTO POR OTROS AGENTES Y LOS NO ESPECIFICADOS QUE AFECTAN PRINCIPALMENTE EL SISTEMA CARDIOVASCULAR"
"T470","ENVENENAMIENTO POR ANTAGONISTAS DEL RECEPTOR H2 DE HISTAMINA"
"T471","ENVENENAMIENTO POR OTRAS DROGAS ANTIACIDAS Y QUE INHIBEN LA SECRECION GASTRICA"
"T472","ENVENENAMIENTO POR LAXANTES ESTIMULANTES"
"T473","ENVENENAMIENTO POR LAXANTES SALINOS Y OSMOTICOS"
"T474","ENVENENAMIENTO POR OTROS LAXANTES"
"T475","ENVENENAMIENTO POR DIGESTIVOS"
"T476","ENVENENAMIENTO POR DROGAS ANTIDIARREICAS"
"T477","ENVENENAMIENTO POR EMETICOS"
"T478","ENVENENAMIENTO POR OTROS AGENTES QUE AFECTAN PRINCIPALMENTE EL SISTEMA GASTROINTESTINAL"
"T479","ENVENENAMIENTO POR AGENTES NO ESPECIFICADOS QUE AFECTAN PRINCIPALMENTE EL SISTEMA GASTROINTESTINAL"
"T480","ENVENENAMIENTO POR DROGAS OXITOCICAS"
"T481","ENVENENAMIENTO POR RELAJANTES MUSCULOESQUELETICOS [AGENTES BLOQUEADORES NEUROMUSCULARES]"
"T482","ENVENENAMIENTO POR OTROS MEDICAMENTOS Y LOS NO ESPECIFICADOS DE ACCION PRINCIPAL SOBRE LOS MUSCULOS"
"T483","ENVENENAMIENTO POR ANTITUSIGENOS"
"T484","ENVENENAMIENTO POR EXPECTORANTES"
"T485","ENVENENAMIENTO POR DROGAS CONTRA EL CATARRO COMUN"
"T486","ENVENENAMIENTO POR ANTIASMATICOS, NO CLASIFICADOS EN OTRA PARTE"
"T487","ENVENENAMIENTO POR OTROS AGENTES Y LOS NO ESPECIFICADOS DE ACCION PRINCIPAL SOBRE EL SISTEMA RESPIRATORIO"
"T490","ENVENENAMIENTO POR DROGAS LOCALES ANTIMICOTICAS, ANTIINFECCIOSAS Y ANTIINFLAMATORIAS, NO CLASIFICADAS EN OTRA PARTE"
"T491","ENVENENAMIENTO POR ANTIPRURITICOS"
"T492","ENVENENAMIENTO POR ASTRINGENTES Y DETERGENTES LOCALES"
"T493","ENVENENAMIENTO POR EMOLIENTES, DEMULCENTES Y PROTECTORES"
"T494","ENVENENAMIENTO POR QUERATOLITICOS, QUERATOPLASTICOS, DROGAS Y OTRAS PREPARACIONES PARA EL TRATAMIENTO DEL CABELLO"
"T495","ENVENENAMIENTO POR DROGAS Y PREPARACIONES OFTALMOLOGICAS"
"T496","ENVENENAMIENTO POR DROGAS Y PREPARACIONES OTORRINOLARINGOLOGICAS"
"T497","ENVENENAMIENTO POR DROGAS DENTALES, APLICADAS TOPICAMENTE"
"T498","ENVENENAMIENTO POR OTROS AGENTES TOPICOS"
"T499","ENVENENAMIENTO POR AGENTES TOPICOS, NO ESPECIFICADOS"
"T500","ENVENENAMIENTO POR MINERALOCORTICOIDES Y SUS ANTAGONISTAS"
"T501","ENVENENAMIENTO POR DIURETICOS DEL ASA [DINTEL ALTO]"
"T502","ENVENENAMIENTO POR INHIBIDORES DE LA ANHIDRASA DEL ACIDO CARBONICO, BENZOTIAZIDAS Y OTROS DIURETICOS"
"T503","ENVENENAMIENTO POR AGENTES DEL EQUILIBRIO HIDROLITICO, ELECTROLITICO Y CALORICO"
"T504","ENVENENAMIENTO POR DROGAS QUE AFECTAN EL METABOLISMO DEL ACIDO URICO"
"T505","ENVENENAMIENTO POR DEPRESORES DEL APETITO"
"T506","ENVENENAMIENTO POR ANTIDOTOS Y AGENTES QUELANTES, NO CLASIFICADOS EN OTRA PARTE"
"T507","ENVENENAMIENTO POR ANALEPTICOS Y ANTAGONISTAS DEL OPIO"
"T508","ENVENENAMIENTO POR AGENTES DIAGNOSTICOS"
"T509","ENVENENAMIENTO POR OTRAS DROGAS Y SUSTANCIAS BIOLOGICAS, Y LAS NO ESPECIFICADAS"
"T510","EFECTO TOXICO DEL ETANOL"
"T511","EFECTO TOXICO DEL METANOL"
"T512","EFECTO TOXICO DEL PROPANOL-2"
"T513","EFECTO TOXICO DEL LICOR DE ALCOHOL INSUFICIENTEMENTE DESTILADO"
"T518","EFECTO TOXICO DE OTROS ALCOHOLES"
"T519","EFECTO TOXICO DEL ALCOHOL, NO ESPECIFICADO"
"T520","EFECTO TOXICO DE PRODUCTOS DEL PETROLEO"
"T521","EFECTO TOXICO DEL BENCENO"
"T522","EFECTO TOXICO DE HOMOLOGOS DEL BENCENO"
"T523","EFECTO TOXICO DE GLICOLES"
"T524","EFECTO TOXICO DE CETONAS"
"T528","EFECTO TOXICO DE OTROS DISOLVENTES ORGANICOS"
"T529","EFECTO TOXICO DE DISOLVENTES ORGANICOS, NO ESPECIFICADOS"
"T530","EFECTO TOXICO DEL TETRACLORURO DE CARBONO"
"T531","EFECTO TOXICO DEL CLOROFORMO"
"T532","EFECTO TOXICO DEL TRICLOROETILENO"
"T533","EFECTO TOXICO DEL TETRACLOROETILENO"
"T534","EFECTO TOXICO DEL DICLOROETANO"
"T535","EFECTO TOXICO DE CLOROFLUOROCARBUROS"
"T536","EFECTO TOXICO DE OTROS DERIVADOS HALOGENADOS DE HIDROCARBUROS ALIFATICOS"
"T537","EFECTO TOXICO DE OTROS DERIVADOS HALOGENADOS DE HIDROCARBUROS AROMATICOS"
"T539","EFECTO TOXICO DE DERIVADOS HALOGENADOS DE HIDROCARBUROS ALIFATICOS Y AROMATICOS, NO ESPECIFICADOS"
"T540","EFECTO TOXICO DE FENOL Y HOMOLOGOS DEL FENOL"
"T541","EFECTO TOXICO DE OTROS COMPUESTOS ORGANICOS CORROSIVOS"
"T542","EFECTO TOXICO DE ACIDOS CORROSIVOS Y SUSTANCIAS ACIDAS SIMILARES"
"T543","EFECTO TOXICO DE ALCALIS CAUSTICOS Y SUSTANCIAS ALCALINAS SIMILARES"
"T549","EFECTO TOXICO DE SUSTANCIA CORROSIVA, NO ESPECIFICADA"
"T55X","EFECTO TOXICO DE DETERGENTES Y JABONES"
"T560","EFECTO TOXICO DEL PLOMO Y SUS COMPUESTOS"
"T561","EFECTO TOXICO DEL MERCURIO Y SUS COMPUESTOS"
"T562","EFECTO TOXICO DEL CROMO Y SUS COMPUESTOS"
"T563","EFECTO TOXICO DEL CADMIO Y SUS COMPUESTOS"
"T564","EFECTO TOXICO DEL COBRE Y SUS COMPUESTOS"
"T565","EFECTO TOXICO DEL ZINC Y SUS COMPUESTOS"
"T566","EFECTO TOXICO DEL ESTAÑO Y SUS COMPUESTOS"
"T567","EFECTO TOXICO DEL BERILIO Y SUS COMPUESTOS"
"T568","EFECTO TOXICO DE OTROS METALES"
"T569","EFECTO TOXICO DE METAL, NO ESPECIFICADO"
"T570","EFECTO TOXICO DEL ARSENICO Y SUS COMPUESTOS"
"T571","EFECTO TOXICO DEL FOSFORO Y SUS COMPUESTOS"
"T572","EFECTO TOXICO DEL MANGANESO Y SUS COMPUESTOS"
"T573","EFECTO TOXICO DEL ACIDO CIANHIDRICO"
"T578","EFECTO TOXICO DE OTRAS SUSTANCIAS INORGANICAS, ESPECIFICADAS"
"T579","EFECTO TOXICO DE SUSTANCIA INORGANICA, NO ESPECIFICADA"
"T58X","EFECTO TOXICO DEL MONOXIDO DE CARBONO"
"T590","EFECTO TOXICO DE OXIDOS DE NITROGENO"
"T591","EFECTO TOXICO DEL DIOXIDO DE SULFURO"
"T592","EFECTO TOXICO DEL FORMALDEHIDO"
"T593","EFECTO TOXICO DEL GAS LACRIMOGENO"
"T594","EFECTO TOXICO DEL CLORO GASEOSO"
"T595","EFECTO TOXICO DEL GAS DE FLUOR Y FLUORURO DE HIDROGENO"
"T596","EFECTO TOXICO DEL SULFURO DE HIDROGENO"
"T597","EFECTO TOXICO DEL DIOXIDO DE CARBONO"
"T598","EFECTO TOXICO DE OTROS GASES, HUMOS Y VAPORES ESPECIFICADOS"
"T599","EFECTO TOXICO DE GASES, HUMOS Y VAPORES NO ESPECIFICADOS"
"T600","EFECTO TOXICO DE INSECTICIDAS ORGANOFOSFORADOS Y CARBAMATOS"
"T601","EFECTO TOXICO DE INSECTICIDAS HALOGENADOS"
"T602","EFECTO TOXICO DE OTROS INSECTICIDAS"
"T603","EFECTO TOXICO DE HERBICIDAS Y FUNGICIDAS"
"T604","EFECTO TOXICO DE RODENTICIDAS"
"T608","EFECTO TOXICO DE OTROS PLAGUICIDAS"
"T609","EFECTO TOXICO DE PLAGUICIDA, NO ESPECIFICADO"
"T610","ENVENENAMIENTO CIGUATERO POR PESCADO"
"T611","ENVENENAMIENTO ESCOMBROIDEO POR PESCADO"
"T612","OTROS ENVENENAMIENTOS POR PESCADOS Y MARISCOS"
"T618","EFECTO TOXICO DE OTROS ALIMENTOS MARINOS"
"T619","EFECTO TOXICO DE ALIMENTOS MARINOS NO ESPECIFICADOS"
"T620","EFECTO TOXICO DE HONGOS INGERIDOS"
"T621","EFECTO TOXICO DE BAYAS INGERIDAS"
"T622","EFECTO TOXICO DE OTRA(S) (PARTES DE) PLANTA(S) INGERIDA(S)"
"T628","EFECTO TOXICO DE OTRAS SUSTANCIAS NOCIVAS ESPECIFICADAS INGERIDAS COMO ALIMENTO"
"T629","EFECTO TOXICO DE SUSTANCIA NOCIVA INGERIDA COMO ALIMENTO, NO ESPECIFICADA"
"T630","EFECTO TOXICO DEL VENENO DE SERPIENTE"
"T631","EFECTO TOXICO DEL VENENO DE OTROS REPTILES"
"T632","EFECTO TOXICO DEL VENENO DE ESCORPION"
"T633","EFECTO TOXICO DEL VENENO DE ARAÑAS"
"T634","EFECTO TOXICO DEL VENENO DE OTROS ARTROPODOS"
"T635","EFECTO TOXICO DEL CONTACTO CON PECES"
"T636","EFECTO TOXICO DEL CONTACTO CON OTROS ANIMALES MARINOS"
"T638","EFECTOS TOXICOS DEL CONTACTO CON OTROS ANIMALES VENENOSOS"
"T639","EFECTO TOXICO DEL CONTACTO CON ANIMAL VENENOSO NO ESPECIFICADO"
"T64X","EFECTO TOXICO DE AFLATOXINA Y OTRAS MICOTOXINAS CONTAMINANTES DE ALIMENTOS"
"T650","EFECTO TOXICO DEL CIANURO"
"T651","EFECTO TOXICO DE LA ESTRICNINA Y SUS SALES"
"T652","EFECTO TOXICO DEL TABACO Y LA NICOTINA"
"T653","EFECTO TOXICO DE NITRODERIVADOS Y AMINODERIVADOS DEL BENCENO Y SUS HOMOLOGOS"
"T654","EFECTO TOXICO DEL BISULFURO DE CARBONO"
"T655","EFECTO TOXICO DE NITROGLICERINA Y OTROS ACIDOS Y ESTERES NITRICOS"
"T656","EFECTO TOXICO DE PINTURAS Y COLORANTES, NO CLASIFICADOS EN OTRA PARTE"
"T658","EFECTO TOXICO DE OTRAS SUSTANCIAS ESPECIFICADAS"
"T659","EFECTO TOXICO DE SUSTANCIA NO ESPECIFICADA"
"T66X","EFECTOS NO ESPECIFICADOS DE LA RADIACION"
"T670","GOLPE DE CALOR E INSOLACION"
"T671","SINCOPE POR CALOR"
"T672","CALAMBRE POR CALOR"
"T673","AGOTAMIENTO POR CALOR, ANHIDROTICO"
"T674","AGOTAMIENTO POR CALOR DEBIDA A DEPLECION DE SAL"
"T675","AGOTAMIENTO POR CALOR NO ESPECIFICADO"
"T676","FATIGA POR CALOR, TRANSITORIA"
"T677","EDEMA POR CALOR"
"T678","OTROS EFECTOS DEL CALOR Y DE LA LUZ"
"T679","EFECTO DEL CALOR Y DE LA LUZ, NO ESPECIFICADO"
"T68X","HIPOTERMIA"
"T690","MANO Y PIE DE INMERSION"
"T691","SABAÑON(ES)"
"T698","OTROS EFECTOS ESPECIFICADOS DE LA REDUCCION DE LA TEMPERATURA"
"T699","EFECTO DE LA REDUCCION DE LA TEMPERATURA, NO ESPECIFICADO"
"T700","BAROTRAUMA OTITICO"
"T701","BAROTRAUMA SINUSAL"
"T702","OTROS EFECTOS Y LOS NO ESPECIFICADOS DE LA GRAN ALTITUD"
"T703","ENFERMEDAD POR DESCOMPRESION [DE LOS CAJONES SUMERGIDOS]"
"T704","EFECTOS DE LIQUIDOS CON ALTA PRESION"
"T708","OTROS EFECTOS DE LA PRESION DEL AIRE Y DEL AGUA"
"T709","EFECTO DE LA PRESION DEL AIRE Y DEL AGUA, NO ESPECIFICADO"
"T71X","ASFIXIA"
"T730","EFECTOS DEL HAMBRE"
"T731","EFECTOS DE LA SED"
"T732","AGOTAMIENTO DEBIDO A EXPOSICION A LA INTEMPERIE"
"T733","AGOTAMIENTO DEBIDO A ESFUERZO EXCESIVO"
"T738","OTROS EFECTOS DE PRIVACION"
"T739","EFECTOS DE PRIVACION, NO ESPECIFICADOS"
"T740","NEGLIGENCIA O ABANDONO"
"T741","ABUSO FISICO"
"T742","ABUSO SEXUAL"
"T743","ABUSO PSICOLOGICO"
"T748","OTROS SINDROMES DEL MALTRATO"
"T749","SINDROME DEL MALTRATO, NO ESPECIFICADO"
"T750","EFECTOS DEL RAYO"
"T751","AHOGAMIENTO Y SUMERSION NO MORTAL"
"T752","EFECTOS DE LA VIBRACION"
"T753","MAL DEL MOVIMIENTO"
"T754","EFECTOS DE LA CORRIENTE ELECTRICA"
"T758","OTROS EFECTOS ESPECIFICADOS DE CAUSAS EXTERNAS"
"T780","CHOQUE ANAFILACTICO DEBIDO A REACCION ADVERSA A ALIMENTOS"
"T781","OTRA REACCION ADVERSA A ALIMENTOS, NO CLASIFICADA EN OTRA PARTE"
"T782","CHOQUE ANAFILACTICO, NO ESPECIFICADO"
"T783","EDEMA ANGIONEUROTICO"
"T784","ALERGIA NO ESPECIFICADA"
"T788","OTROS EFECTOS ADVERSOS, NO CLASIFICADOS EN OTRA PARTE"
"T789","EFECTO ADVERSO NO ESPECIFICADO"
"T790","EMBOLIA GASEOSA (TRAUMATICA)"
"T791","EMBOLIA GRASA (TRAUMATICA)"
"T792","HEMORRAGIA TRAUMATICA SECUNDARIA Y RECURRENTE"
"T793","INFECCION POSTRAUMATICA DE HERIDA, NO CLASIFICADA EN OTRA PARTE"
"T794","CHOQUE TRAUMATICO"
"T795","ANURIA TRAUMATICA"
"T796","ISQUEMIA TRAUMATICA DE MUSCULO"
"T797","ENFISEMA SUBCUTANEO TRAUMATICO"
"T798","OTRAS COMPLICACIONES PRECOCES DE LOS TRAUMATISMOS"
"T799","COMPLICACIONES PRECOCES NO ESPECIFICADAS DE LOS TRAUMATISMOS"
"T800","EMBOLIA GASEOSA CONSECUTIVA A INFUSION, TRANSFUSION E INYECCION TERAPEUTICA"
"T801","COMPLICACIONES VASCULARES CONSECUTIVAS A INFUSION, TRANSFUSION E INYECCION TERAPEUTICA"
"T802","INFECCIONES CONSECUTIVAS A INFUSION, TRANSFUSION E INYECCION TERAPEUTICA"
"T803","REACCION DE INCOMPATIBILIDAD AL GRUPO ABO"
"T804","REACCION DE INCOMPATIBILIDAD A RH"
"T805","CHOQUE ANAFILACTICO DEBIDO A SUERO"
"T806","OTRAS REACCIONES AL SUERO"
"T808","OTRAS COMPLICACIONES CONSECUTIVAS A INFUSION, TRANSFUSION E INYECCION TERAPEUTICA"
"T809","COMPLICACIONES NO ESPECIFICADAS CONSECUTIVAS A INFUSION, TRANSFUSION E INYECCION TERAPEUTICA"
"T810","HEMORRAGIA Y HEMATOMA QUE COMPLICAN UN PROCEDIMIENTO, NO CLASIFICADOS EN OTRA PARTE"
"T811","CHOQUE DURANTE O RESULTANTE DE UN PROCEDIMIENTO, NO CLASIFICADO EN OTRA PARTE"
"T812","PUNCION O LACERACION ACCIDENTAL DURANTE UN PROCEDIMIENTO, NO CLASIFICADAS EN OTRA PARTE"
"T813","DESGARRO DE HERIDA OPERATORIA, NO CLASIFICADO EN OTRA PARTE"
"T814","INFECCION CONSECUTIVA A PROCEDIMIENTO, NO CLASIFICADA EN OTRA PARTE"
"T815","CUERPO EXTRAÑO DEJADO ACCIDENTALMENTE EN CAVIDAD CORPORAL O EN HERIDA OPERATORIA CONSECUTIVA A PROCEDIMIENTO"
"T816","REACCION AGUDA A SUSTANCIA EXTRAÑA DEJADA ACCIDENTALMENTE DURANTE UN PROCEDIMIENTO"
"T817","COMPLICACIONES VASCULARES CONSECUTIVAS A PROCEDIMIENTO, NO CLASIFICADAS EN OTRA PARTE"
"T818","OTRAS COMPLICACIONES DE PROCEDIMIENTOS, NO CLASIFICADAS EN OTRA PARTE"
"T819","COMPLICACION DE PROCEDIMIENTOS, NO ESPECIFICADA"
"T820","COMPLICACION MECANICA DE PROTESIS DE VALVULA CARDIACA"
"T821","COMPLICACION MECANICA DE DISPOSITIVO ELECTRONICO CARDIACO"
"T822","COMPLICACION MECANICA DE DERIVACION DE ARTERIA CORONARIA E INJERTO VALVULAR"
"T823","COMPLICACION MECANICA DE OTROS INJERTOS VASCULARES"
"T824","COMPLICACION MECANICA DE CATETER PARA DIALISIS VASCULAR"
"T825","COMPLICACION MECANICA DE OTROS DISPOSITIVOS E IMPLANTES CARDIOVASCULARES"
"T826","INFECCION Y REACCION INFLAMATORIA DEBIDAS A PROTESIS DE VALVULA CARDIACA"
"T827","INFECCION Y REACCION INFLAMATORIA DEBIDAS A OTROS DISPOSITIVOS, IMPLANTES E INJERTOS CARDIOVASCULARES"
"T828","OTRAS COMPLICACIONES ESPECIFICADAS DE DISPOSITIVOS PROTESICOS, IMPLANTES E INJERTOS CARDIOVASCULARES"
"T829","COMPLICACION NO ESPECIFICADA DE DISPOSITIVO PROTESICO, IMPLANTE E INJERTO CARDIOVASCULAR"
"T830","COMPLICACION MECANICA DE CATETER URINARIO (FIJO)"
"T831","COMPLICACION MECANICA DE OTROS DISPOSITIVOS E IMPLANTES URINARIOS"
"T832","COMPLICACION MECANICA DE INJERTO EN ORGANO URINARIO"
"T833","COMPLICACION MECANICA DE DISPOSITIVO ANTICONCEPTIVO INTRAUTERINO"
"T834","COMPLICACION MECANICA DE OTROS DISPOSITIVOS, IMPLANTES E INJERTOS EN EL TRACTO GENITAL"
"T835","INFECCION Y REACCION INFLAMATORIA DEBIDAS A DISPOSITIVO PROTESICO, IMPLANTE E INJERTO EN EL SISTEMA URINARIO"
"T836","INFECCION Y REACCION INFLAMATORIA DEBIDAS A DISPOSITIVO PROTESICO, IMPLANTE E INJERTO EN EL TRACTO GENITAL"
"T838","OTRAS COMPLICACIONES DE DISPOSITIVOS PROTESICOS, IMPLANTES E INJERTOS GENITOURINARIOS"
"T839","COMPLICACION NO ESPECIFICADA DE DISPOSITIVO PROTESICO, IMPLANTE E INJERTO GENITOURINARIO"
"T840","COMPLICACION MECANICA DE PROTESIS ARTICULAR INTERNA"
"T841","COMPLICACION MECANICA DE DISPOSITIVO DE FIJACION INTERNA DE HUESOS DE UN MIEMBRO"
"T842","COMPLICACION MECANICA DE DISPOSITIVO DE FIJACION INTERNA DE OTROS HUESOS"
"T843","COMPLICACION MECANICA DE OTROS DISPOSITIVOS OSEOS, IMPLANTES E INJERTOS"
"T844","COMPLICACION MECANICA DE OTROS DISPOSITIVOS PROTESICOS, IMPLANTES E INJERTOS ORTOPEDICOS INTERNOS"
"T845","INFECCION Y REACCION INFLAMATORIA DEBIDAS A PROTESIS ARTICULAR INTERNA"
"T846","INFECCION Y REACCION INFLAMATORIA DEBIDAS A DISPOSITIVO DE FIJACION INTERNA [CUALQUIER SITIO]"
"T847","INFECCION Y REACCION INFLAMATORIA DEBIDAS A OTROS DISPOSITIVOS PROTESICOS, IMPLANTES E INJERTOS ORTOPEDICOS INTERNOS"
"T848","OTRAS COMPLICACIONES DE DISPOSITIVOS PROTESICOS, IMPLANTES E INJERTOS ORTOPEDICOS INTERNOS"
"T849","COMPLICACIONES NO ESPECIFICADAS DE DISPOSITIVOS PROTESICOS, IMPLANTES E INJERTOS ORTOPEDICOS INTERNOS"
"T850","COMPLICACION MECANICA DE DERIVACION (ANASTOMOTICA) VENTRICULAR INTRACRANEAL"
"T851","COMPLICACION MECANICA DE IMPLANTE DE ESTIMULADOR ELECTRONICO DEL SISTEMA NERVIOSO"
"T852","COMPLICACION MECANICA DE LENTES INTRAOCULARES"
"T853","COMPLICACION MECANICA DE OTROS DISPOSITIVOS PROTESICOS, IMPLANTES E INJERTOS OCULARES"
"T854","COMPLICACION MECANICA DE PROTESIS E IMPLANTE DE MAMA"
"T855","COMPLICACION MECANICA DE DISPOSITIVO PROTESICO, IMPLANTE E INJERTO GASTROINTESTINAL"
"T856","COMPLICACION MECANICA DE OTROS DISPOSITIVOS PROTESICOS, IMPLANTES E INJERTOS INTERNOS ESPECIFICADOS"
"T857","INFECCION Y REACCION INFLAMATORIA DEBIDAS A OTROS DISPOSITIVOS PROTESICOS, IMPLANTES E INJERTOS INTERNOS"
"T858","OTRAS COMPLICACIONES DE DISPOSITIVOS PROTESICOS, IMPLANTES E INJERTOS INTERNOS, NO CLASIFICADAS EN OTRA PARTE"
"T859","COMPLICACION NO ESPECIFICADA DE DISPOSITIVO PROTESICO, IMPLANTE E INJERTO INTERNO"
"T860","RECHAZO DE TRASPLANTE DE MEDULA OSEA"
"T861","FALLA Y RECHAZO DE TRASPLANTE DE RIÑON"
"T862","FALLA Y RECHAZO DE TRASPLANTE DE CORAZON"
"T863","FALLA Y RECHAZO DE TRASPLANTE DE PULMON-CORAZON"
"T864","FALLA Y RECHAZO DE TRASPLANTE DE HIGADO"
"T868","FALLA Y RECHAZO DE OTROS ORGANOS Y TEJIDOS TRASPLANTADOS"
"T869","FALLA Y RECHAZO DE TRASPLANTE DE ORGANO Y TEJIDO NO ESPECIFICADO"
"T870","COMPLICACIONES DE LA REINSERCION (DE PARTE) DE EXTREMIDAD SUPERIOR"
"T871","COMPLICACIONES DE LA REINSERCION (DE PARTE) DE EXTREMIDAD INFERIOR"
"T872","COMPLICACIONES DE OTRAS PARTES DEL CUERPO REINSERTADAS"
"T873","NEUROMA DE MUÑON DE AMPUTACION"
"T874","INFECCION DE MUÑON DE AMPUTACION"
"T875","NECROSIS DE MUÑON DE AMPUTACION"
"T876","OTRAS COMPLICACIONES Y LAS NO ESPECIFICADAS DE MUÑON DE AMPUTACION"
"T880","INFECCION CONSECUTIVA A INMUNIZACION"
"T881","OTRAS COMPLICACIONES CONSECUTIVAS A INMUNIZACION, NO CLASIFICADAS EN OTRA PARTE"
"T882","CHOQUE DEBIDO A LA ANESTESIA"
"T883","HIPERTERMIA MALIGNA DEBIDA A LA ANESTESIA"
"T884","FALLA O DIFICULTAD DE LA INTUBACION"
"T885","OTRAS COMPLICACIONES DE LA ANESTESIA"
"T886","CHOQUE ANAFILACTICO DEBIDO A EFECTO ADVERSO DE DROGA O MEDICAMENTO CORRECTO ADMINISTRADO APROPIADAMENTE"
"T887","EFECTO ADVERSO NO ESPECIFICADO DE DROGA O MEDICAMENTO"
"T888","OTRAS COMPLICACIONES ESPECIFICADAS DE LA ATENCION MEDICA Y QUIRURGICA, NO CLASIFICADAS EN OTRA PARTE"
"T889","COMPLICACIONES NO ESPECIFICADAS DE LA ATENCION MEDICA Y QUIRURGICA"
"T900","SECUELAS DE TRAUMATISMO SUPERFICIAL DE LA CABEZA"
"T901","SECUELAS DE HERIDA DE LA CABEZA"
"T902","SECUELAS DE FRACTURA DEL CRANEO Y DE HUESOS FACIALES"
"T903","SECUELAS DE TRAUMATISMO DE NERVIOS CRANEALES"
"T904","SECUELAS DE TRAUMATISMO DEL OJO Y DE LA ORBITA"
"T905","SECUELAS DE TRAUMATISMO INTRACRANEAL"
"T908","SECUELAS DE OTROS TRAUMATISMOS ESPECIFICADOS DE LA CABEZA"
"T909","SECUELAS DE TRAUMATISMO NO ESPECIFICADO DE LA CABEZA"
"T910","SECUELAS DE TRAUMATISMO SUPERFICIAL Y DE HERIDAS DEL CUELLO Y DEL TRONCO"
"T911","SECUELAS DE FRACTURA DE LA COLUMNA VERTEBRAL"
"T912","SECUELAS DE OTRA FRACTURA DEL TORAX Y DE LA PELVIS"
"T913","SECUELAS DE TRAUMATISMO DE LA MEDULA ESPINAL"
"T914","SECUELAS DE TRAUMATISMO DE ORGANOS INTRATORACICOS"
"T915","SECUELAS DE TRAUMATISMO DE ORGANOS INTRAABDOMINALES Y PELVICOS"
"T918","SECUELAS DE OTROS TRAUMATISMOS ESPECIFICADOS DEL CUELLO Y DEL TRONCO"
"T919","SECUELAS DE TRAUMATISMO NO ESPECIFICADO DEL CUELLO Y DEL TRONCO"
"T920","SECUELAS DE HERIDA DE MIEMBRO SUPERIOR"
"T921","SECUELAS DE FRACTURA DEL BRAZO"
"T922","SECUELAS DE FRACTURA DE LA MUÑECA Y DE LA MANO"
"T923","SECUELAS DE LUXACION, TORCEDURA Y ESQUINCE DE MIEMBRO SUPERIOR"
"T924","SECUELAS DE TRAUMATISMO DE NERVIO DE MIEMBRO SUPERIOR"
"T925","SECUELAS DE TRAUMATISMO DE TENDON Y MUSCULO DE MIEMBRO SUPERIOR"
"T926","SECUELAS DE APLASTAMIENTO Y AMPUTACION TRAUMATICAS DE MIEMBRO SUPERIOR"
"T928","SECUELAS DE OTROS TRAUMATISMOS ESPECIFICADOS DE MIEMBRO SUPERIOR"
"T929","SECUELAS DE TRAUMATISMO NO ESPECIFICADO DE MIEMBRO SUPERIOR"
"T930","SECUELAS DE HERIDA DE MIEMBRO INFERIOR"
"T931","SECUELAS DE FRACTURA DEL FEMUR"
"T932","SECUELAS DE OTRAS FRACTURAS DE MIEMBRO INFERIOR"
"T933","SECUELAS DE LUXACION, TORCEDURA Y ESGUINCE DE MIEMBRO INFERIOR"
"T934","SECUELAS DE TRAUMATISMO DE NERVIO DE MIEMBRO INFERIOR"
"T935","SECUELAS DE TRAUMATISMO DE TENDON Y MUSCULO DE MIEMBRO INFERIOR"
"T936","SECUELAS DE APLASTAMIENTO Y AMPUTACION TRAUMATICAS DE MIEMBRO INFERIOR"
"T938","SECUELAS DE OTROS TRAUMATISMOS ESPECIFICADOS DE MIEMBRO INFERIOR"
"T939","SECUELAS DE TRAUMATISMO NO ESPECIFICADO DE MIEMBRO INFERIOR"
"T940","SECUELAS DE TRAUMATISMOS QUE AFECTAN MULTIPLES REGIONES DEL CUERPO"
"T941","SECUELAS DE TRAUMATISMOS DE REGIONES NO ESPECIFICADAS DEL CUERPO"
"T950","SECUELAS DE QUEMADURA, CORROSION Y CONGELAMIENTO DE LA CABEZA Y DEL CUELLO"
"T951","SECUELAS DE QUEMADURA, CORROSION Y CONGELAMIENTO DEL TRONCO"
"T952","SECUELAS DE QUEMADURA, CORROSION Y CONGELAMIENTO DE MIEMBRO SUPERIOR"
"T953","SECUELAS DE QUEMADURA, CORROSION Y CONGELAMIENTO DE MIEMBRO INFERIOR"
"T954","SECUELAS DE QUEMADURA Y CORROSION CLASIFICABLES SOLO DE ACUERDO CON LA EXTENSION DE LA SUPERFICIE DEL CUERPO AFECTADA"
"T958","SECUELAS DE OTRAS QUEMADURAS, CORROSIONES Y CONGELAMIENTOS ESPECIFICADOS"
"T959","SECUELAS DE QUEMADURA, CORROSION Y CONGELAMIENTO NO ESPECIFICADOS"
"T96X","SECUELAS DE ENVENENAMIENTOS POR DROGAS, MEDICAMENTOS Y SUSTANCIAS BIOLOGICAS"
"T97X","SECUELAS DE EFECTOS TOXICOS DE SUSTANCIAS DE PROCEDENCIA PRINCIPALMENTE NO MEDICINAL"
"T980","SECUELAS DE EFECTOS DE CUERPOS EXTRAÑOS QUE PENETRAN EN ORIFICIOS NATURALES"
"T981","SECUELAS DE OTROS EFECTOS Y LOS NO ESPECIFICADOS DE CAUSAS EXTERNAS"
"T982","SECUELAS DE CIERTAS COMPLICACIONES PRECOCES DE LOS TRAUMATISMOS"
"T983","SECUELAS DE COMPLICACIONES DE LA ATENCION MEDICA Y QUIRURGICA, NO CLASIFICADAS EN OTRA PARTE"
